date,datetime,cash_type,card,money,coffee_name
2024/3/1,2024/3/1 10:15,card,ANON-0000-0000-0001,38.7,Latte
2024/3/1,2024/3/1 12:19,card,ANON-0000-0000-0002,38.7,Hot Chocolate
2024/3/1,2024/3/1 12:20,card,ANON-0000-0000-0002,38.7,Hot Chocolate
2024/3/1,2024/3/1 13:46,card,ANON-0000-0000-0003,28.9,Americano
2024/3/1,2024/3/1 13:48,card,ANON-0000-0000-0004,38.7,Latte
2024/3/1,2024/3/1 15:39,card,ANON-0000-0000-0005,33.8,Americano with Milk
2024/3/1,2024/3/1 16:19,card,ANON-0000-0000-0006,38.7,Hot Chocolate
2024/3/1,2024/3/1 18:39,card,ANON-0000-0000-0007,33.8,Americano with Milk
2024/3/1,2024/3/1 19:22,card,ANON-0000-0000-0008,38.7,Cocoa
2024/3/1,2024/3/1 19:23,card,ANON-0000-0000-0008,33.8,Americano with Milk
2024/3/1,2024/3/1 19:29,card,ANON-0000-0000-0009,33.8,Americano with Milk
2024/3/2,2024/3/2 10:22,card,ANON-0000-0000-0010,28.9,Americano
2024/3/2,2024/3/2 10:30,cash,,40,Latte
2024/3/2,2024/3/2 10:41,card,ANON-0000-0000-0011,33.8,Americano with Milk
2024/3/2,2024/3/2 11:59,card,ANON-0000-0000-0012,33.8,Americano with Milk
2024/3/2,2024/3/2 14:38,card,ANON-0000-0000-0013,28.9,Americano
2024/3/2,2024/3/2 16:37,card,ANON-0000-0000-0014,33.8,Americano with Milk
2024/3/2,2024/3/2 17:34,card,ANON-0000-0000-0004,28.9,Americano
2024/3/3,2024/3/3 10:10,cash,,40,Latte
2024/3/3,2024/3/3 10:27,card,ANON-0000-0000-0015,38.7,Latte
2024/3/3,2024/3/3 11:33,card,ANON-0000-0000-0016,28.9,   CORTADO   
2024/3/3,2024/3/3 12:26,card,ANON-0000-0000-0012,28.9,Americano
2024/3/3,2024/3/3 13:09,card,ANON-0000-0000-0017,38.7,Hot Chocolate
2024/3/3,2024/3/3 17:06,card,ANON-0000-0000-0018,38.7,Cocoa
2024/3/3,2024/3/3 17:08,card,ANON-0000-0000-0019,28.9,Cortado
2024/3/3,2024/3/3 18:03,card,ANON-0000-0000-0020,33.8,Americano with Milk
2024/3/3,2024/3/3 18:04,card,ANON-0000-0000-0020,33.8,Americano with Milk
2024/3/3,2024/3/3 18:08,card,ANON-0000-0000-0020,38.7,Hot Chocolate
2024/3/4,2024/3/4 10:03,card,ANON-0000-0000-0001,38.7,Latte
2024/3/4,2024/3/4 10:54,card,ANON-0000-0000-0021,38.7,Latte
2024/3/4,2024/3/4 11:05,card,ANON-0000-0000-0012,33.8,Americano with Milk
2024/3/4,2024/3/4 14:04,card,ANON-0000-0000-0022,24,Espresso
2024/3/5,2024/3/5 9:59,card,ANON-0000-0000-0001,38.7,Latte
2024/3/5,2024/3/5 14:34,card,ANON-0000-0000-0023,38.7,Latte
2024/3/5,2024/3/5 17:34,card,ANON-0000-0000-0024,38.7,Latte
2024/3/5,2024/3/5 17:35,card,ANON-0000-0000-0025,38.7,Hot Chocolate
2024/3/5,2024/3/5 17:36,card,ANON-0000-0000-0026,38.7,Cocoa
2024/3/5,2024/3/5 17:37,card,ANON-0000-0000-0027,38.7,Hot Chocolate
2024/3/5,2024/3/5 17:38,card,ANON-0000-0000-0009,38.7,Hot Chocolate
2024/3/5,2024/3/5 17:56,card,ANON-0000-0000-0028,28.9,Cortado
2024/3/5,2024/3/5 18:01,card,ANON-0000-0000-0028,38.7,Hot Chocolate
2024/3/6,2024/3/6 12:30,cash,,35,Americano with Milk
2024/3/6,2024/3/6 13:24,card,ANON-0000-0000-0012,28.9,Americano
2024/3/6,2024/3/6 13:25,card,ANON-0000-0000-0012,28.9,CORTADO
2024/3/6,2024/3/6 14:52,card,ANON-0000-0000-0029,38.7,Cappuccino
2024/3/6,2024/3/6 14:53,card,ANON-0000-0000-0029,38.7,Cappuccino
2024/3/7,2024/3/7 10:08,cash,,40,Latte
2024/3/7,2024/3/7 10:18,card,ANON-0000-0000-0030,38.7,Hot Chocolate
2024/3/7,2024/3/7 11:03,card,ANON-0000-0000-0031,38.7,Latte
2024/3/7,2024/3/7 11:25,cash,,40,Latte
2024/3/7,2024/3/7 15:40,card,ANON-0000-0000-0032,28.9,Americano
2024/3/7,2024/3/7 15:41,card,ANON-0000-0000-0033,33.8,Americano with Milk
2024/3/8,2024/3/8 10:34,card,ANON-0000-0000-0012,28.9,Cortado
2024/3/8,2024/3/8 12:22,card,ANON-0000-0000-0034,38.7,Cappuccino
2024/3/8,2024/3/8 13:53,card,ANON-0000-0000-0035,28.9,Americano
2024/3/8,2024/3/8 14:44,card,ANON-0000-0000-0012,28.9,Americano
2024/3/8,2024/3/8 14:45,card,ANON-0000-0000-0033,28.9,Americano
2024/3/8,2024/3/8 14:46,card,ANON-0000-0000-0012,33.8,Americano with Milk
2024/3/8,2024/3/8 18:57,card,ANON-0000-0000-0036,38.7,Latte
2024/3/8,2024/3/8 18:59,card,ANON-0000-0000-0037,38.7,Latte
2024/3/9,2024/3/9 11:49,cash,,40,Hot Chocolate
2024/3/9,2024/3/9 12:05,card,ANON-0000-0000-0038,24,Espresso
2024/3/9,2024/3/9 12:07,card,ANON-0000-0000-0039,28.9,Americano
2024/3/9,2024/3/9 12:09,card,ANON-0000-0000-0012,38.7,Cappuccino
2024/3/9,2024/3/9 12:13,card,ANON-0000-0000-0040,28.9,Americano
2024/3/9,2024/3/9 12:14,card,ANON-0000-0000-0040,28.9,Americano
2024/3/9,2024/3/9 13:09,card,ANON-0000-0000-0041,38.7,Latte
2024/3/9,2024/3/9 13:41,card,ANON-0000-0000-0042,33.8,Americano with Milk
2024/3/9,2024/3/9 13:53,card,ANON-0000-0000-0043,28.9,Cortado
2024/3/9,2024/3/9 13:54,card,ANON-0000-0000-0043,38.7,Cappuccino
2024/3/9,2024/3/9 14:08,card,ANON-0000-0000-0009,33.8,Americano with Milk
2024/3/9,2024/3/9 14:26,card,ANON-0000-0000-0044,38.7,Hot Chocolate
2024/3/9,2024/3/9 19:17,card,ANON-0000-0000-0009,38.7,Cappuccino
2024/3/9,2024/3/9 19:19,card,ANON-0000-0000-0009,38.7,Hot Chocolate
2024/3/10,2024/3/10 7:44,cash,,30,Americano
2024/3/10,2024/3/10 7:45,cash,,35,Americano with Milk
2024/3/10,2024/3/10 10:06,cash,,40,Latte
2024/3/10,2024/3/10 11:19,card,ANON-0000-0000-0045,24,Espresso
2024/3/10,2024/3/10 17:51,cash,,35,Americano with Milk
2024/3/10,2024/3/10 19:34,card,ANON-0000-0000-0046,38.7,Latte
2024/3/10,2024/3/10 19:35,card,ANON-0000-0000-0046,28.9,Cortado
2024/3/11,2024/3/11 10:18,cash,,40,Latte
2024/3/11,2024/3/11 11:24,cash,,40,Cappuccino
2024/3/11,2024/3/11 11:24,cash,,30,Cortado
2024/3/11,2024/3/11 11:26,cash,,30,Americano
2024/3/11,2024/3/11 11:32,card,ANON-0000-0000-0035,38.7,Cappuccino
2024/3/11,2024/3/11 16:24,card,ANON-0000-0000-0047,28.9,Americano
2024/3/11,2024/3/11 16:25,card,ANON-0000-0000-0047,38.7,Latte
2024/3/11,2024/3/11 16:50,card,ANON-0000-0000-0048,28.9,  Cortado
2024/3/12,2024/3/12 10:15,cash,,40,Latte
2024/3/12,2024/3/12 10:15,card,ANON-0000-0000-0033,28.9,Americano
2024/3/12,2024/3/12 10:16,card,ANON-0000-0000-0033,28.9,CORTADO
2024/3/12,2024/3/12 11:20,card,ANON-0000-0000-0049,38.7,Hot Chocolate
2024/3/12,2024/3/12 12:46,card,ANON-0000-0000-0004,33.8,Americano with Milk
2024/3/12,2024/3/12 12:47,card,ANON-0000-0000-0004,28.9,Americano
2024/3/12,2024/3/12 16:15,card,ANON-0000-0000-0050,28.9,Americano
2024/3/13,2024/3/13 11:06,card,ANON-0000-0000-0048,38.7,Hot Chocolate
2024/3/13,2024/3/13 11:48,card,ANON-0000-0000-0004,28.9,Americano
2024/3/13,2024/3/13 12:18,card,ANON-0000-0000-0051,28.9,Americano
2024/3/13,2024/3/13 12:19,card,ANON-0000-0000-0051,28.9,Americano
2024/3/13,2024/3/13 12:34,cash,,25,Espresso
2024/3/13,2024/3/13 14:26,card,ANON-0000-0000-0052,33.8,Americano with Milk
2024/3/13,2024/3/13 15:40,card,ANON-0000-0000-0053,24,Espresso
2024/3/13,2024/3/13 15:41,card,ANON-0000-0000-0053,24,Espresso
2024/3/13,2024/3/13 16:47,card,ANON-0000-0000-0054,24,Espresso
2024/3/14,2024/3/14 10:02,cash,,40,Latte
2024/3/14,2024/3/14 10:28,card,ANON-0000-0000-0055,38.7,Latte
2024/3/14,2024/3/14 10:29,card,ANON-0000-0000-0055,38.7,Hot Chocolate
2024/3/14,2024/3/14 13:27,card,ANON-0000-0000-0012,28.9,Cortado
2024/3/14,2024/3/14 13:28,card,ANON-0000-0000-0012,28.9,Americano
2024/3/14,2024/3/14 13:52,card,ANON-0000-0000-0056,33.8,Americano with Milk
2024/3/14,2024/3/14 13:52,card,ANON-0000-0000-0057,24,Espresso
2024/3/14,2024/3/14 15:20,card,ANON-0000-0000-0058,38.7,Latte
2024/3/14,2024/3/14 16:04,card,ANON-0000-0000-0059,33.8,Americano with Milk
2024/3/14,2024/3/14 16:54,card,ANON-0000-0000-0050,24,Espresso
2024/3/14,2024/3/14 18:58,card,ANON-0000-0000-0019,38.7,Hot Chocolate
2024/3/14,2024/3/14 19:00,card,ANON-0000-0000-0012,28.9,Cortado   
2024/3/15,2024/3/15 10:02,cash,,40,Latte
2024/3/15,2024/3/15 10:53,card,ANON-0000-0000-0060,38.7,Hot Chocolate
2024/3/15,2024/3/15 18:19,card,ANON-0000-0000-0012,28.9,Americano
2024/3/16,2024/3/16 12:06,card,ANON-0000-0000-0061,33.8,Americano with Milk
2024/3/16,2024/3/16 12:07,card,ANON-0000-0000-0061,28.9,Americano
2024/3/16,2024/3/16 15:58,card,ANON-0000-0000-0009,28.9,Cortado
2024/3/16,2024/3/16 16:03,card,ANON-0000-0000-0009,28.9,Cortado
2024/3/16,2024/3/16 16:04,card,ANON-0000-0000-0012,28.9,Cortado
2024/3/16,2024/3/16 17:58,card,ANON-0000-0000-0062,33.8,Americano with Milk
2024/3/17,2024/3/17 10:10,cash,,40,Latte
2024/3/17,2024/3/17 12:55,card,ANON-0000-0000-0063,28.9,Cortado
2024/3/18,2024/3/18 11:18,card,ANON-0000-0000-0064,28.9,CORTADO
2024/3/18,2024/3/18 15:31,card,ANON-0000-0000-0003,28.9,Americano
2024/3/18,2024/3/18 15:32,card,ANON-0000-0000-0003,28.9,Americano
2024/3/18,2024/3/18 15:33,card,ANON-0000-0000-0003,28.9,Americano
2024/3/19,2024/3/19 10:20,cash,,30,Cortado
2024/3/19,2024/3/19 14:02,card,ANON-0000-0000-0065,38.7,Latte
2024/3/19,2024/3/19 14:03,card,ANON-0000-0000-0065,38.7,Latte
2024/3/19,2024/3/19 15:04,card,ANON-0000-0000-0049,38.7,Hot Chocolate
2024/3/19,2024/3/19 16:53,card,ANON-0000-0000-0066,33.8,Americano with Milk
2024/3/19,2024/3/19 19:26,cash,,40,Hot Chocolate
2024/3/20,2024/3/20 11:41,card,ANON-0000-0000-0012,28.9,Cortado
2024/3/20,2024/3/20 12:21,cash,,40,Latte
2024/3/20,2024/3/20 12:30,card,ANON-0000-0000-0049,28.9,    Cortado
2024/3/20,2024/3/20 13:16,card,ANON-0000-0000-0067,38.7,Cappuccino
2024/3/20,2024/3/20 16:42,card,ANON-0000-0000-0050,38.7,Cocoa
2024/3/20,2024/3/20 17:50,card,ANON-0000-0000-0068,38.7,Latte
2024/3/21,2024/3/21 10:18,cash,,40,Cappuccino
2024/3/21,2024/3/21 12:25,card,ANON-0000-0000-0012,28.9,Cortado
2024/3/21,2024/3/21 12:26,card,ANON-0000-0000-0012,38.7,Cappuccino
2024/3/21,2024/3/21 17:21,cash,,30,Americano
2024/3/21,2024/3/21 17:22,card,ANON-0000-0000-0012,28.9,CORTADO
2024/3/21,2024/3/21 19:20,card,ANON-0000-0000-0069,38.7,Latte
2024/3/22,2024/3/22 10:35,card,ANON-0000-0000-0070,33.8,Americano with Milk
2024/3/22,2024/3/22 13:29,card,ANON-0000-0000-0071,33.8,Americano with Milk
2024/3/22,2024/3/22 16:15,cash,,40,Cappuccino
2024/3/22,2024/3/22 17:17,card,ANON-0000-0000-0012,28.9,Americano
2024/3/22,2024/3/22 17:17,card,ANON-0000-0000-0012,24,Espresso
2024/3/22,2024/3/22 17:20,card,ANON-0000-0000-0050,28.9,Americano
2024/3/23,2024/3/23 10:44,card,ANON-0000-0000-0072,38.7,Latte
2024/3/23,2024/3/23 10:45,card,ANON-0000-0000-0073,33.8,Americano with Milk
2024/3/23,2024/3/23 13:10,card,ANON-0000-0000-0074,38.7,Cappuccino
2024/3/23,2024/3/23 13:11,card,ANON-0000-0000-0074,38.7,Cocoa
2024/3/23,2024/3/23 14:44,card,ANON-0000-0000-0075,33.8,Americano with Milk
2024/3/23,2024/3/23 15:47,card,ANON-0000-0000-0076,38.7,Latte
2024/3/23,2024/3/23 15:49,card,ANON-0000-0000-0076,33.8,Americano with Milk
2024/3/23,2024/3/23 16:00,card,ANON-0000-0000-0009,28.9,Cortado
2024/3/24,2024/3/24 10:03,cash,,40,Latte
2024/3/24,2024/3/24 18:45,card,ANON-0000-0000-0077,38.7,Latte
2024/3/25,2024/3/25 10:31,card,ANON-0000-0000-0009,38.7,Latte
2024/3/25,2024/3/25 11:16,cash,,35,Americano with Milk
2024/3/25,2024/3/25 14:27,card,ANON-0000-0000-0078,38.7,Latte
2024/3/25,2024/3/25 14:29,card,ANON-0000-0000-0017,38.7,Latte
2024/3/25,2024/3/25 18:37,card,ANON-0000-0000-0024,33.8,Americano with Milk
2024/3/25,2024/3/25 19:34,card,ANON-0000-0000-0079,38.7,Cappuccino
2024/3/26,2024/3/26 10:35,card,ANON-0000-0000-0055,38.7,Cocoa
2024/3/26,2024/3/26 10:36,card,ANON-0000-0000-0055,38.7,Latte
2024/3/26,2024/3/26 10:42,card,ANON-0000-0000-0080,38.7,Latte
2024/3/26,2024/3/26 11:11,card,ANON-0000-0000-0009,28.9,CORTADO
2024/3/26,2024/3/26 13:35,card,ANON-0000-0000-0003,28.9,Americano
2024/3/26,2024/3/26 13:36,card,ANON-0000-0000-0032,28.9,Cortado
2024/3/26,2024/3/26 13:38,card,ANON-0000-0000-0059,28.9,Cortado
2024/3/26,2024/3/26 13:57,card,ANON-0000-0000-0050,28.9,Americano
2024/3/26,2024/3/26 15:48,card,ANON-0000-0000-0081,38.7,Latte
2024/3/26,2024/3/26 18:33,card,ANON-0000-0000-0024,38.7,Latte
2024/3/26,2024/3/26 18:34,card,ANON-0000-0000-0009,38.7,Hot Chocolate
2024/3/27,2024/3/27 11:04,card,ANON-0000-0000-0003,28.9,Cortado
2024/3/27,2024/3/27 11:05,card,ANON-0000-0000-0003,33.8,Americano with Milk
2024/3/27,2024/3/27 12:57,card,ANON-0000-0000-0082,33.8,Americano with Milk
2024/3/27,2024/3/27 13:35,card,ANON-0000-0000-0083,38.7,Hot Chocolate
2024/3/27,2024/3/27 14:22,card,ANON-0000-0000-0012,38.7,Cappuccino
2024/3/27,2024/3/27 14:23,card,ANON-0000-0000-0012,28.9,Americano
2024/3/27,2024/3/27 18:30,card,ANON-0000-0000-0084,28.9,CORTADO
2024/3/27,2024/3/27 19:31,cash,,40,Latte
2024/3/28,2024/3/28 14:24,card,ANON-0000-0000-0085,28.9,Cortado
2024/3/28,2024/3/28 17:24,card,ANON-0000-0000-0012,28.9,Cortado
2024/3/28,2024/3/28 17:27,card,ANON-0000-0000-0012,28.9,Americano
2024/3/28,2024/3/28 17:32,card,ANON-0000-0000-0086,38.7,Latte
2024/3/29,2024/3/29 10:56,card,ANON-0000-0000-0087,38.7,Latte
2024/3/29,2024/3/29 12:34,card,ANON-0000-0000-0088,38.7,Cappuccino
2024/3/29,2024/3/29 12:41,card,ANON-0000-0000-0088,38.7,Cappuccino
2024/3/29,2024/3/29 13:22,cash,,40,Cappuccino
2024/3/30,2024/3/30 11:59,card,ANON-0000-0000-0069,38.7,Latte
2024/3/30,2024/3/30 13:49,cash,,40,Cappuccino
2024/3/30,2024/3/30 16:12,card,ANON-0000-0000-0017,38.7,Latte
2024/3/30,2024/3/30 16:36,card,ANON-0000-0000-0009,38.7,Latte
2024/3/30,2024/3/30 16:37,card,ANON-0000-0000-0009,33.8,Americano with Milk
2024/3/31,2024/3/31 10:40,card,ANON-0000-0000-0089,38.7,Cappuccino
2024/3/31,2024/3/31 19:36,cash,,30,Americano
2024/4/1,2024/4/1 10:28,card,ANON-0000-0000-0004,28.9,Americano
2024/4/1,2024/4/1 10:29,card,ANON-0000-0000-0004,33.8,Americano with Milk
2024/4/1,2024/4/1 10:30,card,ANON-0000-0000-0004,33.8,Americano with Milk
2024/4/1,2024/4/1 11:15,card,ANON-0000-0000-0009,33.8,Americano with Milk
2024/4/1,2024/4/1 17:01,cash,,40,Cappuccino
2024/4/1,2024/4/1 18:18,card,ANON-0000-0000-0024,33.8,Americano with Milk
2024/4/1,2024/4/1 18:45,card,ANON-0000-0000-0090,38.7,Hot Chocolate
2024/4/2,2024/4/2 10:01,card,ANON-0000-0000-0001,38.7,Latte
2024/4/2,2024/4/2 16:18,card,ANON-0000-0000-0003,28.9,Americano
2024/4/2,2024/4/2 16:19,card,ANON-0000-0000-0003,28.9,CORTADO
2024/4/2,2024/4/2 19:59,cash,,40,Cappuccino
2024/4/3,2024/4/3 10:19,card,ANON-0000-0000-0003,28.9,Cortado
2024/4/3,2024/4/3 10:20,card,ANON-0000-0000-0003,28.9,Americano
2024/4/3,2024/4/3 13:12,card,ANON-0000-0000-0012,38.7,Cappuccino
2024/4/3,2024/4/3 15:36,cash,,30,Cortado
2024/4/4,2024/4/4 10:44,card,ANON-0000-0000-0091,38.7,Latte
2024/4/4,2024/4/4 11:26,card,ANON-0000-0000-0092,38.7,Latte
2024/4/4,2024/4/4 11:27,card,ANON-0000-0000-0093,38.7,Cappuccino
2024/4/4,2024/4/4 12:23,card,ANON-0000-0000-0094,28.9,Cortado
2024/4/4,2024/4/4 19:42,cash,,40,Latte
2024/4/5,2024/4/5 10:40,card,ANON-0000-0000-0095,28.9,Americano
2024/4/5,2024/4/5 10:42,card,ANON-0000-0000-0012,28.9,Americano
2024/4/5,2024/4/5 11:06,card,ANON-0000-0000-0096,28.9,   Cortado
2024/4/5,2024/4/5 12:14,card,ANON-0000-0000-0097,33.8,Americano with Milk
2024/4/5,2024/4/5 14:23,card,ANON-0000-0000-0098,38.7,Latte
2024/4/5,2024/4/5 14:24,card,ANON-0000-0000-0098,28.9,Cortado
2024/4/5,2024/4/5 15:30,cash,,40,Latte
2024/4/5,2024/4/5 15:54,cash,,40,Cappuccino
2024/4/5,2024/4/5 15:55,cash,,30,Americano
2024/4/5,2024/4/5 16:17,cash,,40,Cocoa
2024/4/5,2024/4/5 16:18,card,ANON-0000-0000-0003,24,Espresso
2024/4/6,2024/4/6 12:32,card,ANON-0000-0000-0099,33.8,Americano with Milk
2024/4/6,2024/4/6 14:13,card,ANON-0000-0000-0040,38.7,Cappuccino
2024/4/6,2024/4/6 14:14,card,ANON-0000-0000-0040,28.9,Americano
2024/4/6,2024/4/6 14:49,card,ANON-0000-0000-0009,38.7,Latte
2024/4/7,2024/4/7 10:12,card,ANON-0000-0000-0091,38.7,Latte
2024/4/7,2024/4/7 12:44,card,ANON-0000-0000-0040,38.7,Cappuccino
2024/4/7,2024/4/7 12:46,card,ANON-0000-0000-0040,38.7,Cappuccino
2024/4/7,2024/4/7 14:16,card,ANON-0000-0000-0100,28.9,Cortado
2024/4/7,2024/4/7 14:17,card,ANON-0000-0000-0100,24,Espresso
2024/4/7,2024/4/7 18:01,card,ANON-0000-0000-0101,38.7,Hot Chocolate
2024/4/7,2024/4/7 18:02,card,ANON-0000-0000-0101,33.8,Americano with Milk
2024/4/8,2024/4/8 10:58,card,ANON-0000-0000-0102,33.8,Americano with Milk
2024/4/8,2024/4/8 10:59,card,ANON-0000-0000-0103,38.7,Cappuccino
2024/4/8,2024/4/8 11:01,card,ANON-0000-0000-0012,28.9,Americano
2024/4/8,2024/4/8 11:04,card,ANON-0000-0000-0104,38.7,Cappuccino
2024/4/8,2024/4/8 12:54,cash,,25,Espresso
2024/4/8,2024/4/8 15:43,cash,,35,Americano with Milk
2024/4/8,2024/4/8 16:41,card,ANON-0000-0000-0017,38.7,Latte
2024/4/8,2024/4/8 18:18,card,ANON-0000-0000-0105,28.9,Americano
2024/4/8,2024/4/8 19:22,card,ANON-0000-0000-0024,33.8,Americano with Milk
2024/4/8,2024/4/8 19:23,card,ANON-0000-0000-0106,38.7,Cappuccino
2024/4/9,2024/4/9 10:22,cash,,40,Cappuccino
2024/4/9,2024/4/9 10:24,cash,,30,Americano
2024/4/9,2024/4/9 11:42,card,ANON-0000-0000-0091,38.7,Latte
2024/4/9,2024/4/9 15:11,card,ANON-0000-0000-0107,38.7,Hot Chocolate
2024/4/9,2024/4/9 17:25,card,ANON-0000-0000-0049,38.7,Hot Chocolate
2024/4/10,2024/4/10 10:21,cash,,25,Espresso
2024/4/10,2024/4/10 17:55,cash,,40,Hot Chocolate
2024/4/10,2024/4/10 17:55,card,ANON-0000-0000-0108,24,Espresso
2024/4/10,2024/4/10 18:24,card,ANON-0000-0000-0009,38.7,Cappuccino
2024/4/10,2024/4/10 20:04,card,ANON-0000-0000-0109,38.7,Latte
2024/4/11,2024/4/11 10:41,card,ANON-0000-0000-0110,28.9,Americano
2024/4/11,2024/4/11 10:42,card,ANON-0000-0000-0110,28.9,Americano
2024/4/11,2024/4/11 16:35,card,ANON-0000-0000-0017,38.7,Latte
2024/4/11,2024/4/11 19:16,card,ANON-0000-0000-0106,38.7,Cappuccino
2024/4/11,2024/4/11 19:18,card,ANON-0000-0000-0024,33.8,Americano with Milk
2024/4/12,2024/4/12 19:03,card,ANON-0000-0000-0019,38.7,Hot Chocolate
2024/4/12,2024/4/12 19:38,card,ANON-0000-0000-0009,28.9,Cortado
2024/4/13,2024/4/13 12:29,card,ANON-0000-0000-0009,38.7,Latte
2024/4/13,2024/4/13 12:43,card,ANON-0000-0000-0012,28.9,Americano
2024/4/13,2024/4/13 15:06,cash,,40,Hot Chocolate
2024/4/13,2024/4/13 15:07,cash,,40,Hot Chocolate
2024/4/13,2024/4/13 16:18,card,ANON-0000-0000-0111,38.7,Cappuccino
2024/4/13,2024/4/13 16:19,card,ANON-0000-0000-0111,38.7,Latte
2024/4/13,2024/4/13 17:51,card,ANON-0000-0000-0112,38.7,Cappuccino
2024/4/13,2024/4/13 17:53,card,ANON-0000-0000-0012,38.7,Cappuccino
2024/4/14,2024/4/14 10:55,cash,,40,Latte
2024/4/14,2024/4/14 12:24,card,ANON-0000-0000-0113,38.7,Cappuccino
2024/4/14,2024/4/14 12:27,cash,,30,Cortado
2024/4/14,2024/4/14 12:29,cash,,30,Cortado
2024/4/14,2024/4/14 12:31,cash,,35,Americano with Milk
2024/4/14,2024/4/14 13:21,card,ANON-0000-0000-0114,28.9,Cortado
2024/4/14,2024/4/14 14:23,card,ANON-0000-0000-0012,28.9,Americano
2024/4/14,2024/4/14 14:24,card,ANON-0000-0000-0012,28.9,Americano
2024/4/14,2024/4/14 14:25,card,ANON-0000-0000-0012,28.9,Americano
2024/4/14,2024/4/14 15:46,card,ANON-0000-0000-0017,38.7,Cappuccino
2024/4/14,2024/4/14 16:59,card,ANON-0000-0000-0012,28.9,Cortado
2024/4/14,2024/4/14 17:00,card,ANON-0000-0000-0019,38.7,Latte
2024/4/14,2024/4/14 18:38,card,ANON-0000-0000-0115,38.7,Cappuccino
2024/4/15,2024/4/15 11:45,card,ANON-0000-0000-0064,28.9,Americano
2024/4/15,2024/4/15 17:01,card,ANON-0000-0000-0003,28.9,Americano
2024/4/15,2024/4/15 17:02,card,ANON-0000-0000-0004,33.8,Americano with Milk
2024/4/15,2024/4/15 19:33,card,ANON-0000-0000-0009,33.8,Americano with Milk
2024/4/15,2024/4/15 19:41,cash,,25,Espresso
2024/4/16,2024/4/16 10:43,cash,,35,Americano with Milk
2024/4/16,2024/4/16 10:46,card,ANON-0000-0000-0116,33.8,Americano with Milk
2024/4/16,2024/4/16 12:40,card,ANON-0000-0000-0117,38.7,Cocoa
2024/4/16,2024/4/16 12:52,card,ANON-0000-0000-0064,28.9,Cortado
2024/4/16,2024/4/16 15:03,card,ANON-0000-0000-0118,28.9,Americano
2024/4/16,2024/4/16 17:42,card,ANON-0000-0000-0024,33.8,Americano with Milk
2024/4/16,2024/4/16 17:43,card,ANON-0000-0000-0009,38.7,Cappuccino
2024/4/16,2024/4/16 18:09,card,ANON-0000-0000-0050,38.7,Cocoa
2024/4/17,2024/4/17 13:33,card,ANON-0000-0000-0012,28.9,Americano
2024/4/17,2024/4/17 13:44,card,ANON-0000-0000-0119,24,Espresso
2024/4/17,2024/4/17 16:13,cash,,40,Cappuccino
2024/4/17,2024/4/17 17:01,card,ANON-0000-0000-0120,38.7,Cappuccino
2024/4/17,2024/4/17 17:02,card,ANON-0000-0000-0120,38.7,Cappuccino
2024/4/17,2024/4/17 18:14,card,ANON-0000-0000-0121,28.9,Cortado
2024/4/18,2024/4/18 11:19,card,ANON-0000-0000-0003,28.9,Americano
2024/4/18,2024/4/18 11:20,card,ANON-0000-0000-0003,28.9,Americano
2024/4/18,2024/4/18 13:49,card,ANON-0000-0000-0122,33.8,Americano with Milk
2024/4/18,2024/4/18 13:50,card,ANON-0000-0000-0122,28.9,CORTADO
2024/4/18,2024/4/18 14:34,card,ANON-0000-0000-0123,38.7,Cappuccino
2024/4/18,2024/4/18 14:35,card,ANON-0000-0000-0123,38.7,Latte
2024/4/18,2024/4/18 17:44,card,ANON-0000-0000-0069,38.7,Latte
2024/4/18,2024/4/18 18:21,card,ANON-0000-0000-0085,38.7,Cappuccino
2024/4/18,2024/4/18 19:39,card,ANON-0000-0000-0024,38.7,Hot Chocolate
2024/4/18,2024/4/18 19:40,card,ANON-0000-0000-0009,38.7,Hot Chocolate
2024/4/19,2024/4/19 10:10,card,ANON-0000-0000-0001,38.7,Latte
2024/4/19,2024/4/19 13:11,card,ANON-0000-0000-0040,33.8,Americano with Milk
2024/4/19,2024/4/19 13:13,card,ANON-0000-0000-0040,38.7,Cappuccino
2024/4/19,2024/4/19 13:58,card,ANON-0000-0000-0124,38.7,Hot Chocolate
2024/4/19,2024/4/19 13:59,card,ANON-0000-0000-0124,38.7,Cappuccino
2024/4/19,2024/4/19 18:23,card,ANON-0000-0000-0024,38.7,Cocoa
2024/4/19,2024/4/19 18:25,card,ANON-0000-0000-0009,33.8,Americano with Milk
2024/4/20,2024/4/20 11:24,cash,,35,Americano with Milk
2024/4/20,2024/4/20 12:08,card,ANON-0000-0000-0125,33.8,Americano with Milk
2024/4/20,2024/4/20 12:09,card,ANON-0000-0000-0125,33.8,Americano with Milk
2024/4/20,2024/4/20 13:08,card,ANON-0000-0000-0118,28.9,Americano
2024/4/20,2024/4/20 13:09,card,ANON-0000-0000-0118,33.8,Americano with Milk
2024/4/20,2024/4/20 13:10,card,ANON-0000-0000-0118,38.7,Hot Chocolate
2024/4/20,2024/4/20 14:44,card,ANON-0000-0000-0040,38.7,Cappuccino
2024/4/20,2024/4/20 15:11,card,ANON-0000-0000-0009,33.8,Americano with Milk
2024/4/20,2024/4/20 15:22,card,ANON-0000-0000-0012,32.82,Americano with Milk
2024/4/20,2024/4/20 15:49,card,ANON-0000-0000-0126,32.82,Americano with Milk
2024/4/20,2024/4/20 17:07,cash,,39,Cocoa
2024/4/20,2024/4/20 18:27,card,ANON-0000-0000-0127,37.72,Cappuccino
2024/4/20,2024/4/20 18:28,card,ANON-0000-0000-0127,37.72,Cappuccino
2024/4/20,2024/4/20 19:30,card,ANON-0000-0000-0128,37.72,Latte
2024/4/21,2024/4/21 11:16,card,ANON-0000-0000-0001,37.72,Latte
2024/4/21,2024/4/21 14:15,card,ANON-0000-0000-0099,27.92,Americano
2024/4/21,2024/4/21 17:09,cash,,39,Cappuccino
2024/4/22,2024/4/22 11:09,card,ANON-0000-0000-0012,27.92,Americano
2024/4/22,2024/4/22 11:29,card,ANON-0000-0000-0129,32.82,Americano with Milk
2024/4/22,2024/4/22 18:40,cash,,39,Latte
2024/4/22,2024/4/22 19:39,card,ANON-0000-0000-0009,37.72,Latte
2024/4/22,2024/4/22 20:02,cash,,39,Cappuccino
2024/4/23,2024/4/23 14:22,card,ANON-0000-0000-0025,37.72,Cappuccino
2024/4/23,2024/4/23 14:23,card,ANON-0000-0000-0024,32.82,Americano with Milk
2024/4/23,2024/4/23 14:24,card,ANON-0000-0000-0009,37.72,Cappuccino
2024/4/23,2024/4/23 19:42,card,ANON-0000-0000-0130,32.82,Americano with Milk
2024/4/23,2024/4/23 19:43,card,ANON-0000-0000-0130,32.82,Americano with Milk
2024/4/24,2024/4/24 10:19,card,ANON-0000-0000-0001,37.72,Latte
2024/4/24,2024/4/24 10:21,card,ANON-0000-0000-0131,32.82,Americano with Milk
2024/4/24,2024/4/24 11:23,card,ANON-0000-0000-0132,32.82,Americano with Milk
2024/4/24,2024/4/24 11:33,card,ANON-0000-0000-0133,32.82,Americano with Milk
2024/4/24,2024/4/24 12:39,card,ANON-0000-0000-0059,32.82,Americano with Milk
2024/4/24,2024/4/24 16:39,card,ANON-0000-0000-0009,32.82,Americano with Milk
2024/4/24,2024/4/24 19:39,card,ANON-0000-0000-0134,32.82,Americano with Milk
2024/4/24,2024/4/24 19:40,card,ANON-0000-0000-0134,37.72,Cappuccino
2024/4/25,2024/4/25 10:46,card,ANON-0000-0000-0135,27.92,Americano
2024/4/25,2024/4/25 15:18,card,ANON-0000-0000-0009,37.72,Latte
2024/4/25,2024/4/25 17:09,card,ANON-0000-0000-0012,27.92,Americano
2024/4/25,2024/4/25 17:10,card,ANON-0000-0000-0012,27.92,Americano
2024/4/26,2024/4/26 10:12,card,ANON-0000-0000-0001,37.72,Latte
2024/4/26,2024/4/26 12:01,card,ANON-0000-0000-0136,37.72,Latte
2024/4/26,2024/4/26 13:31,card,ANON-0000-0000-0137,37.72,Cappuccino
2024/4/26,2024/4/26 15:32,card,ANON-0000-0000-0012,27.92,Americano
2024/4/26,2024/4/26 15:33,card,ANON-0000-0000-0012,27.92,Americano
2024/4/26,2024/4/26 16:23,card,ANON-0000-0000-0138,27.92,Cortado
2024/4/26,2024/4/26 16:24,card,ANON-0000-0000-0139,27.92,Americano
2024/4/26,2024/4/26 19:32,card,ANON-0000-0000-0009,37.72,Hot Chocolate
2024/4/26,2024/4/26 19:33,card,ANON-0000-0000-0009,37.72,Cocoa
2024/4/27,2024/4/27 15:27,card,ANON-0000-0000-0009,37.72,Cappuccino
2024/4/28,2024/4/28 10:32,card,ANON-0000-0000-0001,37.72,Latte
2024/4/28,2024/4/28 12:30,card,ANON-0000-0000-0140,37.72,Cappuccino
2024/4/28,2024/4/28 18:27,card,ANON-0000-0000-0012,27.92,Americano
2024/4/28,2024/4/28 18:28,card,ANON-0000-0000-0012,27.92,Americano
2024/4/28,2024/4/28 18:29,card,ANON-0000-0000-0019,37.72,Latte
2024/4/29,2024/4/29 11:26,card,ANON-0000-0000-0141,27.92,Cortado
2024/4/29,2024/4/29 13:27,card,ANON-0000-0000-0003,27.92,Americano
2024/4/29,2024/4/29 13:28,card,ANON-0000-0000-0003,27.92,Cortado
2024/4/29,2024/4/29 13:53,card,ANON-0000-0000-0141,27.92,Cortado
2024/4/29,2024/4/29 13:54,card,ANON-0000-0000-0141,32.82,Americano with Milk
2024/4/29,2024/4/29 18:37,card,ANON-0000-0000-0140,37.72,Cappuccino
2024/4/29,2024/4/29 19:12,card,ANON-0000-0000-0134,37.72,Cappuccino
2024/4/29,2024/4/29 19:13,card,ANON-0000-0000-0134,37.72,Cappuccino
2024/4/30,2024/4/30 10:16,card,ANON-0000-0000-0142,37.72,Latte
2024/4/30,2024/4/30 10:34,card,ANON-0000-0000-0142,32.82,Americano with Milk
2024/4/30,2024/4/30 10:35,card,ANON-0000-0000-0142,32.82,Americano with Milk
2024/4/30,2024/4/30 13:41,card,ANON-0000-0000-0142,27.92,Americano
2024/4/30,2024/4/30 13:43,card,ANON-0000-0000-0142,32.82,Americano with Milk
2024/4/30,2024/4/30 19:19,card,ANON-0000-0000-0142,37.72,Cappuccino
2024/4/30,2024/4/30 19:30,card,ANON-0000-0000-0142,32.82,Americano with Milk
2024/4/30,2024/4/30 19:31,card,ANON-0000-0000-0142,37.72,Latte
2024/5/2,2024/5/2 10:33,card,ANON-0000-0000-0143,27.92,Americano
2024/5/2,2024/5/2 11:29,cash,,39,Latte
2024/5/2,2024/5/2 13:49,card,ANON-0000-0000-0133,32.82,Americano with Milk
2024/5/2,2024/5/2 18:36,card,ANON-0000-0000-0144,37.72,Cappuccino
2024/5/2,2024/5/2 18:41,card,ANON-0000-0000-0024,32.82,Americano with Milk
2024/5/2,2024/5/2 19:18,card,ANON-0000-0000-0145,37.72,Latte
2024/5/2,2024/5/2 19:19,card,ANON-0000-0000-0145,37.72,Cappuccino
2024/5/3,2024/5/3 10:11,cash,,39,Latte
2024/5/3,2024/5/3 14:30,card,ANON-0000-0000-0146,37.72,Latte
2024/5/3,2024/5/3 17:03,card,ANON-0000-0000-0147,37.72,Latte
2024/5/6,2024/5/6 10:05,card,ANON-0000-0000-0148,27.92,Americano
2024/5/6,2024/5/6 10:06,card,ANON-0000-0000-0149,37.72,Cappuccino
2024/5/6,2024/5/6 10:08,card,ANON-0000-0000-0149,32.82,Americano with Milk
2024/5/6,2024/5/6 10:09,card,ANON-0000-0000-0150,27.92,Americano
2024/5/6,2024/5/6 10:39,card,ANON-0000-0000-0141,27.92,Cortado
2024/5/6,2024/5/6 11:34,cash,,29,Americano
2024/5/6,2024/5/6 13:18,card,ANON-0000-0000-0148,27.92,Cortado
2024/5/6,2024/5/6 13:19,card,ANON-0000-0000-0148,27.92,Americano
2024/5/6,2024/5/6 19:18,card,ANON-0000-0000-0151,37.72,Cappuccino
2024/5/6,2024/5/6 19:19,card,ANON-0000-0000-0151,37.72,Cappuccino
2024/5/7,2024/5/7 10:44,card,ANON-0000-0000-0148,37.72,Cocoa
2024/5/7,2024/5/7 11:21,card,ANON-0000-0000-0141,27.92,Cortado
2024/5/7,2024/5/7 13:23,card,ANON-0000-0000-0077,27.92,Cortado
2024/5/7,2024/5/7 16:42,card,ANON-0000-0000-0148,37.72,Cocoa
2024/5/7,2024/5/7 16:55,card,ANON-0000-0000-0152,27.92,Americano
2024/5/7,2024/5/7 17:37,card,ANON-0000-0000-0153,37.72,Cappuccino
2024/5/7,2024/5/7 17:38,card,ANON-0000-0000-0153,37.72,Latte
2024/5/7,2024/5/7 18:35,cash,,34,Americano with Milk
2024/5/7,2024/5/7 19:12,card,ANON-0000-0000-0154,37.72,Cappuccino
2024/5/7,2024/5/7 19:13,card,ANON-0000-0000-0154,37.72,Cappuccino
2024/5/8,2024/5/8 10:07,card,ANON-0000-0000-0001,37.72,Latte
2024/5/9,2024/5/9 12:54,card,ANON-0000-0000-0155,37.72,Cappuccino
2024/5/9,2024/5/9 13:03,card,ANON-0000-0000-0156,27.92,Americano
2024/5/9,2024/5/9 13:04,card,ANON-0000-0000-0156,37.72,Latte
2024/5/9,2024/5/9 13:06,card,ANON-0000-0000-0156,37.72,Latte
2024/5/9,2024/5/9 13:07,card,ANON-0000-0000-0156,37.72,Latte
2024/5/9,2024/5/9 16:55,card,ANON-0000-0000-0118,27.92,Americano
2024/5/9,2024/5/9 16:56,card,ANON-0000-0000-0118,27.92,Americano
2024/5/9,2024/5/9 18:01,card,ANON-0000-0000-0157,27.92,Americano
2024/5/9,2024/5/9 18:13,card,ANON-0000-0000-0143,32.82,Americano with Milk
2024/5/10,2024/5/10 10:09,cash,,39,Latte
2024/5/10,2024/5/10 15:46,card,ANON-0000-0000-0158,37.72,Latte
2024/5/10,2024/5/10 15:47,card,ANON-0000-0000-0158,37.72,Latte
2024/5/10,2024/5/10 16:20,cash,,34,Americano with Milk
2024/5/11,2024/5/11 11:39,card,ANON-0000-0000-0069,37.72,Latte
2024/5/11,2024/5/11 17:02,cash,,39,Latte
2024/5/11,2024/5/11 17:20,card,ANON-0000-0000-0009,32.82,Americano with Milk
2024/5/11,2024/5/11 17:21,card,ANON-0000-0000-0026,37.72,Cocoa
2024/5/11,2024/5/11 17:23,card,ANON-0000-0000-0040,37.72,Cappuccino
2024/5/11,2024/5/11 17:28,card,ANON-0000-0000-0012,32.82,Americano with Milk
2024/5/11,2024/5/11 18:35,card,ANON-0000-0000-0115,37.72,Cappuccino
2024/5/11,2024/5/11 19:38,card,ANON-0000-0000-0159,37.72,Latte
2024/5/12,2024/5/12 10:20,card,ANON-0000-0000-0001,37.72,Latte
2024/5/12,2024/5/12 13:24,card,ANON-0000-0000-0160,37.72,Latte
2024/5/12,2024/5/12 13:27,card,ANON-0000-0000-0161,27.92,Americano
2024/5/12,2024/5/12 15:16,card,ANON-0000-0000-0077,37.72,Latte
2024/5/12,2024/5/12 15:38,card,ANON-0000-0000-0162,32.82,Americano with Milk
2024/5/12,2024/5/12 15:52,card,ANON-0000-0000-0163,32.82,Americano with Milk
2024/5/12,2024/5/12 16:04,card,ANON-0000-0000-0012,32.82,Americano with Milk
2024/5/12,2024/5/12 19:41,card,ANON-0000-0000-0009,32.82,Americano with Milk
2024/5/13,2024/5/13 11:03,card,ANON-0000-0000-0164,32.82,Americano with Milk
2024/5/13,2024/5/13 15:31,cash,,29,Americano
2024/5/13,2024/5/13 15:31,cash,,29,Americano
2024/5/14,2024/5/14 8:38,card,ANON-0000-0000-0012,27.92,Americano
2024/5/14,2024/5/14 8:39,card,ANON-0000-0000-0012,27.92,Americano
2024/5/14,2024/5/14 8:40,card,ANON-0000-0000-0012,27.92,Americano
2024/5/14,2024/5/14 10:19,card,ANON-0000-0000-0012,37.72,Cappuccino
2024/5/14,2024/5/14 11:32,card,ANON-0000-0000-0165,37.72,Latte
2024/5/14,2024/5/14 11:34,card,ANON-0000-0000-0165,37.72,Cappuccino
2024/5/14,2024/5/14 14:04,card,ANON-0000-0000-0025,37.72,Cappuccino
2024/5/14,2024/5/14 14:06,card,ANON-0000-0000-0009,32.82,Americano with Milk
2024/5/14,2024/5/14 15:01,card,ANON-0000-0000-0040,27.92,Americano
2024/5/14,2024/5/14 16:57,card,ANON-0000-0000-0166,32.82,Americano with Milk
2024/5/14,2024/5/14 16:59,card,ANON-0000-0000-0166,37.72,Cappuccino
2024/5/14,2024/5/14 22:51,card,ANON-0000-0000-0167,37.72,Hot Chocolate
2024/5/15,2024/5/15 8:40,card,ANON-0000-0000-0168,37.72,Latte
2024/5/15,2024/5/15 11:14,card,ANON-0000-0000-0012,23.02,Espresso
2024/5/15,2024/5/15 11:19,card,ANON-0000-0000-0012,27.92,Americano
2024/5/15,2024/5/15 13:34,card,ANON-0000-0000-0003,27.92,Americano
2024/5/15,2024/5/15 13:35,card,ANON-0000-0000-0003,27.92,Americano
2024/5/15,2024/5/15 13:36,card,ANON-0000-0000-0003,27.92,Americano
2024/5/15,2024/5/15 13:55,card,ANON-0000-0000-0164,32.82,Americano with Milk
2024/5/15,2024/5/15 14:38,cash,,29,Americano
2024/5/15,2024/5/15 14:38,card,ANON-0000-0000-0169,27.92,Cortado
2024/5/15,2024/5/15 14:39,card,ANON-0000-0000-0012,27.92,Cortado
2024/5/15,2024/5/15 17:28,card,ANON-0000-0000-0170,23.02,Espresso
2024/5/15,2024/5/15 20:20,card,ANON-0000-0000-0171,37.72,Cappuccino
2024/5/16,2024/5/16 10:38,card,ANON-0000-0000-0097,32.82,Americano with Milk
2024/5/16,2024/5/16 10:39,card,ANON-0000-0000-0172,32.82,Americano with Milk
2024/5/16,2024/5/16 11:42,cash,,39,Latte
2024/5/16,2024/5/16 11:44,cash,,39,Cappuccino
2024/5/16,2024/5/16 12:14,card,ANON-0000-0000-0173,32.82,Americano with Milk
2024/5/16,2024/5/16 15:15,card,ANON-0000-0000-0174,37.72,Hot Chocolate
2024/5/16,2024/5/16 17:44,card,ANON-0000-0000-0069,37.72,Latte
2024/5/16,2024/5/16 18:12,card,ANON-0000-0000-0175,37.72,Hot Chocolate
2024/5/16,2024/5/16 18:13,card,ANON-0000-0000-0175,37.72,Latte
2024/5/17,2024/5/17 9:00,card,ANON-0000-0000-0033,27.92,Americano
2024/5/17,2024/5/17 11:30,card,ANON-0000-0000-0164,32.82,Americano with Milk
2024/5/17,2024/5/17 14:58,cash,,34,Americano with Milk
2024/5/17,2024/5/17 19:55,card,ANON-0000-0000-0012,32.82,Americano with Milk
2024/5/17,2024/5/17 19:56,card,ANON-0000-0000-0009,37.72,Cappuccino
2024/5/17,2024/5/17 20:37,card,ANON-0000-0000-0176,37.72,Cappuccino
2024/5/17,2024/5/17 22:34,card,ANON-0000-0000-0177,27.92,Americano
2024/5/17,2024/5/17 22:36,card,ANON-0000-0000-0178,37.72,Latte
2024/5/17,2024/5/17 22:37,card,ANON-0000-0000-0179,37.72,Latte
2024/5/18,2024/5/18 8:01,card,ANON-0000-0000-0180,37.72,Cappuccino
2024/5/18,2024/5/18 8:02,card,ANON-0000-0000-0180,37.72,Cappuccino
2024/5/18,2024/5/18 11:15,card,ANON-0000-0000-0181,32.82,Americano with Milk
2024/5/18,2024/5/18 16:48,card,ANON-0000-0000-0172,32.82,Americano with Milk
2024/5/18,2024/5/18 16:49,card,ANON-0000-0000-0097,32.82,Americano with Milk
2024/5/18,2024/5/18 19:58,card,ANON-0000-0000-0040,32.82,Americano with Milk
2024/5/18,2024/5/18 20:22,card,ANON-0000-0000-0009,37.72,Latte
2024/5/18,2024/5/18 22:05,cash,,39,Cappuccino
2024/5/19,2024/5/19 7:58,card,ANON-0000-0000-0182,27.92,Americano
2024/5/19,2024/5/19 7:59,card,ANON-0000-0000-0182,27.92,Americano
2024/5/19,2024/5/19 8:00,card,ANON-0000-0000-0183,37.72,Cappuccino
2024/5/19,2024/5/19 9:28,cash,,24,Espresso
2024/5/19,2024/5/19 12:14,card,ANON-0000-0000-0184,32.82,Americano with Milk
2024/5/19,2024/5/19 14:43,card,ANON-0000-0000-0012,27.92,Americano
2024/5/19,2024/5/19 15:58,card,ANON-0000-0000-0185,32.82,Americano with Milk
2024/5/19,2024/5/19 18:12,card,ANON-0000-0000-0186,32.82,Americano with Milk
2024/5/19,2024/5/19 18:13,card,ANON-0000-0000-0186,23.02,Espresso
2024/5/19,2024/5/19 18:16,card,ANON-0000-0000-0186,37.72,Hot Chocolate
2024/5/19,2024/5/19 19:51,card,ANON-0000-0000-0187,37.72,Cappuccino
2024/5/19,2024/5/19 21:15,card,ANON-0000-0000-0188,37.72,Cappuccino
2024/5/19,2024/5/19 21:18,card,ANON-0000-0000-0189,37.72,Cappuccino
2024/5/20,2024/5/20 10:05,card,ANON-0000-0000-0190,32.82,Americano with Milk
2024/5/20,2024/5/20 10:17,card,ANON-0000-0000-0191,37.72,Latte
2024/5/20,2024/5/20 10:58,card,ANON-0000-0000-0001,37.72,Latte
2024/5/20,2024/5/20 11:15,card,ANON-0000-0000-0143,27.92,Americano
2024/5/20,2024/5/20 11:16,card,ANON-0000-0000-0143,27.92,Americano
2024/5/20,2024/5/20 13:27,card,ANON-0000-0000-0003,27.92,Americano
2024/5/20,2024/5/20 13:28,card,ANON-0000-0000-0003,27.92,Americano
2024/5/20,2024/5/20 14:13,card,ANON-0000-0000-0192,32.82,Americano with Milk
2024/5/20,2024/5/20 14:14,card,ANON-0000-0000-0192,37.72,Cappuccino
2024/5/20,2024/5/20 14:32,cash,,29,Americano
2024/5/20,2024/5/20 17:12,card,ANON-0000-0000-0120,37.72,Latte
2024/5/20,2024/5/20 17:13,card,ANON-0000-0000-0193,37.72,Latte
2024/5/20,2024/5/20 20:36,card,ANON-0000-0000-0194,32.82,Americano with Milk
2024/5/20,2024/5/20 20:37,card,ANON-0000-0000-0194,37.72,Cocoa
2024/5/20,2024/5/20 20:46,card,ANON-0000-0000-0195,27.92,Cortado
2024/5/20,2024/5/20 21:36,card,ANON-0000-0000-0012,32.82,Americano with Milk
2024/5/20,2024/5/20 21:37,card,ANON-0000-0000-0012,32.82,Americano with Milk
2024/5/21,2024/5/21 8:27,card,ANON-0000-0000-0196,37.72,Latte
2024/5/21,2024/5/21 9:43,cash,,29,Americano
2024/5/21,2024/5/21 9:44,cash,,34,Americano with Milk
2024/5/21,2024/5/21 9:46,cash,,39,Cocoa
2024/5/21,2024/5/21 10:05,cash,,39,Latte
2024/5/21,2024/5/21 16:10,card,ANON-0000-0000-0197,37.72,Latte
2024/5/21,2024/5/21 18:13,card,ANON-0000-0000-0012,23.02,Espresso
2024/5/21,2024/5/21 19:11,card,ANON-0000-0000-0198,37.72,Cappuccino
2024/5/21,2024/5/21 20:13,card,ANON-0000-0000-0199,37.72,Cappuccino
2024/5/22,2024/5/22 9:34,card,ANON-0000-0000-0200,37.72,Cappuccino
2024/5/22,2024/5/22 10:49,card,ANON-0000-0000-0191,32.82,Americano with Milk
2024/5/22,2024/5/22 11:18,card,ANON-0000-0000-0141,27.92,Cortado
2024/5/22,2024/5/22 11:34,card,ANON-0000-0000-0097,32.82,Americano with Milk
2024/5/22,2024/5/22 12:29,card,ANON-0000-0000-0012,27.92,Americano
2024/5/22,2024/5/22 12:30,card,ANON-0000-0000-0012,27.92,Americano
2024/5/22,2024/5/22 14:00,card,ANON-0000-0000-0009,32.82,Americano with Milk
2024/5/22,2024/5/22 19:24,card,ANON-0000-0000-0134,37.72,Cappuccino
2024/5/22,2024/5/22 19:25,card,ANON-0000-0000-0134,37.72,Cappuccino
2024/5/22,2024/5/22 21:23,card,ANON-0000-0000-0180,37.72,Hot Chocolate
2024/5/22,2024/5/22 21:24,card,ANON-0000-0000-0180,37.72,Cappuccino
2024/5/23,2024/5/23 10:10,card,ANON-0000-0000-0201,37.72,Cappuccino
2024/5/23,2024/5/23 12:22,card,ANON-0000-0000-0202,23.02,Espresso
2024/5/23,2024/5/23 15:55,card,ANON-0000-0000-0180,37.72,Cappuccino
2024/5/23,2024/5/23 15:56,card,ANON-0000-0000-0203,37.72,Cappuccino
2024/5/23,2024/5/23 16:18,card,ANON-0000-0000-0180,37.72,Cappuccino
2024/5/23,2024/5/23 16:41,card,ANON-0000-0000-0077,37.72,Latte
2024/5/23,2024/5/23 17:14,card,ANON-0000-0000-0153,37.72,Cappuccino
2024/5/23,2024/5/23 17:15,card,ANON-0000-0000-0153,37.72,Latte
2024/5/23,2024/5/23 19:03,card,ANON-0000-0000-0204,27.92,Cortado
2024/5/23,2024/5/23 19:17,card,ANON-0000-0000-0134,37.72,Cappuccino
2024/5/23,2024/5/23 19:18,card,ANON-0000-0000-0205,37.72,Cappuccino
2024/5/23,2024/5/23 19:42,card,ANON-0000-0000-0206,37.72,Cappuccino
2024/5/23,2024/5/23 20:15,card,ANON-0000-0000-0207,37.72,Cappuccino
2024/5/23,2024/5/23 20:16,card,ANON-0000-0000-0207,37.72,Latte
2024/5/23,2024/5/23 22:48,card,ANON-0000-0000-0208,32.82,Americano with Milk
2024/5/23,2024/5/23 22:55,cash,,39,Hot Chocolate
2024/5/24,2024/5/24 11:11,card,ANON-0000-0000-0141,27.92,Cortado
2024/5/24,2024/5/24 11:15,card,ANON-0000-0000-0012,27.92,Americano
2024/5/24,2024/5/24 11:16,card,ANON-0000-0000-0012,27.92,Americano
2024/5/24,2024/5/24 16:07,card,ANON-0000-0000-0081,37.72,Hot Chocolate
2024/5/24,2024/5/24 18:17,card,ANON-0000-0000-0209,27.92,Cortado
2024/5/24,2024/5/24 18:18,card,ANON-0000-0000-0209,27.92,Cortado
2024/5/24,2024/5/24 22:30,card,ANON-0000-0000-0210,32.82,Americano with Milk
2024/5/25,2024/5/25 7:40,cash,,29,Americano
2024/5/25,2024/5/25 12:13,card,ANON-0000-0000-0211,37.72,Latte
2024/5/25,2024/5/25 12:40,cash,,29,Americano
2024/5/25,2024/5/25 12:42,card,ANON-0000-0000-0212,32.82,Americano with Milk
2024/5/25,2024/5/25 12:43,card,ANON-0000-0000-0212,32.82,Americano with Milk
2024/5/25,2024/5/25 12:58,card,ANON-0000-0000-0213,32.82,Americano with Milk
2024/5/25,2024/5/25 16:47,card,ANON-0000-0000-0040,32.82,Americano with Milk
2024/5/25,2024/5/25 16:48,card,ANON-0000-0000-0040,27.92,Americano
2024/5/26,2024/5/26 10:20,card,ANON-0000-0000-0001,37.72,Latte
2024/5/26,2024/5/26 14:24,card,ANON-0000-0000-0214,32.82,Americano with Milk
2024/5/26,2024/5/26 14:26,card,ANON-0000-0000-0215,27.92,Cortado
2024/5/26,2024/5/26 14:40,card,ANON-0000-0000-0216,32.82,Americano with Milk
2024/5/26,2024/5/26 17:19,card,ANON-0000-0000-0217,37.72,Cappuccino
2024/5/26,2024/5/26 18:09,card,ANON-0000-0000-0218,37.72,Hot Chocolate
2024/5/26,2024/5/26 18:11,card,ANON-0000-0000-0218,37.72,Hot Chocolate
2024/5/26,2024/5/26 18:13,card,ANON-0000-0000-0218,27.92,Americano
2024/5/26,2024/5/26 18:39,card,ANON-0000-0000-0219,37.72,Latte
2024/5/26,2024/5/26 20:59,card,ANON-0000-0000-0220,37.72,Hot Chocolate
2024/5/26,2024/5/26 21:00,card,ANON-0000-0000-0220,37.72,Cappuccino
2024/5/26,2024/5/26 21:02,card,ANON-0000-0000-0221,27.92,Cortado
2024/5/26,2024/5/26 21:03,card,ANON-0000-0000-0222,37.72,Cappuccino
2024/5/26,2024/5/26 21:04,card,ANON-0000-0000-0221,37.72,Latte
2024/5/26,2024/5/26 21:06,card,ANON-0000-0000-0223,37.72,Cappuccino
2024/5/27,2024/5/27 11:34,card,ANON-0000-0000-0012,27.92,Americano
2024/5/27,2024/5/27 14:05,card,ANON-0000-0000-0224,32.82,Americano with Milk
2024/5/27,2024/5/27 14:06,card,ANON-0000-0000-0224,37.72,Cocoa
2024/5/27,2024/5/27 15:11,card,ANON-0000-0000-0225,27.92,Americano
2024/5/27,2024/5/27 15:14,card,ANON-0000-0000-0225,27.92,Americano
2024/5/27,2024/5/27 17:50,card,ANON-0000-0000-0203,37.72,Latte
2024/5/27,2024/5/27 18:00,card,ANON-0000-0000-0226,27.92,Americano
2024/5/27,2024/5/27 19:16,card,ANON-0000-0000-0227,37.72,Latte
2024/5/27,2024/5/27 19:17,card,ANON-0000-0000-0228,37.72,Latte
2024/5/27,2024/5/27 21:29,card,ANON-0000-0000-0192,32.82,Americano with Milk
2024/5/27,2024/5/27 21:30,card,ANON-0000-0000-0206,37.72,Cappuccino
2024/5/28,2024/5/28 8:37,card,ANON-0000-0000-0012,32.82,Americano with Milk
2024/5/28,2024/5/28 9:20,card,ANON-0000-0000-0097,32.82,Americano with Milk
2024/5/28,2024/5/28 11:48,card,ANON-0000-0000-0229,37.72,Cappuccino
2024/5/28,2024/5/28 13:14,card,ANON-0000-0000-0230,37.72,Cappuccino
2024/5/28,2024/5/28 14:10,card,ANON-0000-0000-0194,37.72,Cocoa
2024/5/28,2024/5/28 16:25,card,ANON-0000-0000-0141,27.92,Cortado
2024/5/28,2024/5/28 17:21,cash,,39,Cappuccino
2024/5/28,2024/5/28 19:09,card,ANON-0000-0000-0231,27.92,Americano
2024/5/28,2024/5/28 19:10,card,ANON-0000-0000-0231,37.72,Latte
2024/5/28,2024/5/28 20:24,card,ANON-0000-0000-0009,32.82,Americano with Milk
2024/5/28,2024/5/28 20:50,card,ANON-0000-0000-0012,27.92,Americano
2024/5/29,2024/5/29 9:14,card,ANON-0000-0000-0232,37.72,Latte
2024/5/29,2024/5/29 10:48,cash,,39,Latte
2024/5/29,2024/5/29 11:14,card,ANON-0000-0000-0233,37.72,Hot Chocolate
2024/5/29,2024/5/29 15:10,card,ANON-0000-0000-0234,27.92,Americano
2024/5/29,2024/5/29 15:22,card,ANON-0000-0000-0235,37.72,Latte
2024/5/29,2024/5/29 15:45,card,ANON-0000-0000-0236,37.72,Cappuccino
2024/5/29,2024/5/29 16:45,card,ANON-0000-0000-0237,37.72,Latte
2024/5/29,2024/5/29 18:24,card,ANON-0000-0000-0238,27.92,Cortado
2024/5/29,2024/5/29 18:24,card,ANON-0000-0000-0238,37.72,Latte
2024/5/29,2024/5/29 20:30,card,ANON-0000-0000-0239,37.72,Hot Chocolate
2024/5/29,2024/5/29 20:32,card,ANON-0000-0000-0240,37.72,Cocoa
2024/5/30,2024/5/30 8:29,card,ANON-0000-0000-0241,37.72,Cappuccino
2024/5/30,2024/5/30 8:30,card,ANON-0000-0000-0241,37.72,Latte
2024/5/30,2024/5/30 8:37,card,ANON-0000-0000-0242,32.82,Americano with Milk
2024/5/30,2024/5/30 9:47,card,ANON-0000-0000-0001,37.72,Latte
2024/5/30,2024/5/30 14:56,card,ANON-0000-0000-0097,32.82,Americano with Milk
2024/5/30,2024/5/30 15:16,card,ANON-0000-0000-0243,23.02,Espresso
2024/5/30,2024/5/30 15:17,card,ANON-0000-0000-0012,23.02,Espresso
2024/5/30,2024/5/30 19:53,card,ANON-0000-0000-0206,37.72,Cappuccino
2024/5/30,2024/5/30 20:31,card,ANON-0000-0000-0244,37.72,Latte
2024/5/30,2024/5/30 20:46,card,ANON-0000-0000-0009,37.72,Hot Chocolate
2024/5/30,2024/5/30 20:47,card,ANON-0000-0000-0009,32.82,Americano with Milk
2024/5/31,2024/5/31 7:53,card,ANON-0000-0000-0245,32.82,Americano with Milk
2024/5/31,2024/5/31 9:21,card,ANON-0000-0000-0246,37.72,Latte
2024/5/31,2024/5/31 9:23,cash,,39,Latte
2024/5/31,2024/5/31 10:38,card,ANON-0000-0000-0247,37.72,Hot Chocolate
2024/5/31,2024/5/31 10:39,card,ANON-0000-0000-0248,37.72,Cocoa
2024/5/31,2024/5/31 14:50,card,ANON-0000-0000-0249,32.82,Americano with Milk
2024/5/31,2024/5/31 18:23,card,ANON-0000-0000-0250,37.72,Latte
2024/5/31,2024/5/31 18:25,card,ANON-0000-0000-0250,37.72,Latte
2024/5/31,2024/5/31 20:06,card,ANON-0000-0000-0180,37.72,Cappuccino
2024/5/31,2024/5/31 20:33,card,ANON-0000-0000-0134,32.82,Americano with Milk
2024/5/31,2024/5/31 20:34,card,ANON-0000-0000-0134,37.72,Latte
2024/5/31,2024/5/31 22:05,card,ANON-0000-0000-0206,37.72,Cappuccino
2024/5/31,2024/5/31 22:06,card,ANON-0000-0000-0206,32.82,Americano with Milk
2024/5/31,2024/5/31 22:07,card,ANON-0000-0000-0206,27.92,Cortado
2024/6/1,2024/6/1 8:27,card,ANON-0000-0000-0141,27.92,Cortado
2024/6/1,2024/6/1 9:48,card,ANON-0000-0000-0232,37.72,Latte
2024/6/1,2024/6/1 11:38,card,ANON-0000-0000-0250,37.72,Latte
2024/6/1,2024/6/1 14:28,card,ANON-0000-0000-0097,32.82,Americano with Milk
2024/6/1,2024/6/1 18:20,card,ANON-0000-0000-0251,32.82,Americano with Milk
2024/6/1,2024/6/1 18:21,card,ANON-0000-0000-0251,32.82,Americano with Milk
2024/6/1,2024/6/1 20:50,card,ANON-0000-0000-0154,37.72,Cappuccino
2024/6/1,2024/6/1 20:51,card,ANON-0000-0000-0154,37.72,Cappuccino
2024/6/1,2024/6/1 20:54,cash,,39,Cocoa
2024/6/1,2024/6/1 20:59,card,ANON-0000-0000-0252,37.72,Cocoa
2024/6/1,2024/6/1 21:51,card,ANON-0000-0000-0009,32.82,Americano with Milk
2024/6/2,2024/6/2 20:03,card,ANON-0000-0000-0009,37.72,Latte
2024/6/2,2024/6/2 20:24,card,ANON-0000-0000-0040,32.82,Americano with Milk
2024/6/2,2024/6/2 20:25,card,ANON-0000-0000-0040,37.72,Cappuccino
2024/6/2,2024/6/2 21:07,card,ANON-0000-0000-0097,32.82,Americano with Milk
2024/6/2,2024/6/2 21:30,card,ANON-0000-0000-0253,37.72,Latte
2024/6/2,2024/6/2 22:43,cash,,34,Americano with Milk
2024/6/3,2024/6/3 10:12,card,ANON-0000-0000-0001,37.72,Latte
2024/6/3,2024/6/3 10:27,card,ANON-0000-0000-0191,37.72,Latte
2024/6/3,2024/6/3 14:31,card,ANON-0000-0000-0025,37.72,Cappuccino
2024/6/3,2024/6/3 14:33,card,ANON-0000-0000-0024,32.82,Americano with Milk
2024/6/3,2024/6/3 14:34,card,ANON-0000-0000-0009,37.72,Latte
2024/6/3,2024/6/3 21:42,cash,,34,Americano with Milk
2024/6/3,2024/6/3 21:43,cash,,34,Americano with Milk
2024/6/4,2024/6/4 9:23,card,ANON-0000-0000-0141,27.92,Cortado
2024/6/4,2024/6/4 10:27,card,ANON-0000-0000-0097,32.82,Americano with Milk
2024/6/4,2024/6/4 12:02,card,ANON-0000-0000-0254,37.72,Latte
2024/6/4,2024/6/4 12:05,card,ANON-0000-0000-0254,37.72,Hot Chocolate
2024/6/4,2024/6/4 15:30,card,ANON-0000-0000-0255,37.72,Latte
2024/6/4,2024/6/4 17:46,card,ANON-0000-0000-0192,27.92,Cortado
2024/6/4,2024/6/4 17:47,card,ANON-0000-0000-0192,37.72,Cappuccino
2024/6/4,2024/6/4 20:13,card,ANON-0000-0000-0256,37.72,Hot Chocolate
2024/6/4,2024/6/4 20:50,card,ANON-0000-0000-0257,37.72,Cappuccino
2024/6/4,2024/6/4 21:31,card,ANON-0000-0000-0258,27.92,Cortado
2024/6/4,2024/6/4 21:33,card,ANON-0000-0000-0259,32.82,Americano with Milk
2024/6/4,2024/6/4 21:34,card,ANON-0000-0000-0260,32.82,Americano with Milk
2024/6/4,2024/6/4 21:36,card,ANON-0000-0000-0260,32.82,Americano with Milk
2024/6/4,2024/6/4 21:37,card,ANON-0000-0000-0260,32.82,Americano with Milk
2024/6/5,2024/6/5 8:21,card,ANON-0000-0000-0261,37.72,Cappuccino
2024/6/5,2024/6/5 8:23,card,ANON-0000-0000-0261,37.72,Cappuccino
2024/6/5,2024/6/5 9:22,card,ANON-0000-0000-0262,27.92,Americano
2024/6/5,2024/6/5 10:28,card,ANON-0000-0000-0001,37.72,Latte
2024/6/5,2024/6/5 10:40,card,ANON-0000-0000-0097,32.82,Americano with Milk
2024/6/5,2024/6/5 19:43,card,ANON-0000-0000-0263,32.82,Americano with Milk
2024/6/5,2024/6/5 19:59,card,ANON-0000-0000-0264,37.72,Latte
2024/6/5,2024/6/5 20:10,card,ANON-0000-0000-0220,37.72,Cocoa
2024/6/5,2024/6/5 20:12,card,ANON-0000-0000-0220,27.92,Cortado
2024/6/6,2024/6/6 8:52,card,ANON-0000-0000-0097,32.82,Americano with Milk
2024/6/6,2024/6/6 8:54,card,ANON-0000-0000-0097,32.82,Americano with Milk
2024/6/6,2024/6/6 10:36,card,ANON-0000-0000-0001,37.72,Latte
2024/6/6,2024/6/6 12:17,card,ANON-0000-0000-0265,27.92,Americano
2024/6/6,2024/6/6 15:11,card,ANON-0000-0000-0224,32.82,Americano with Milk
2024/6/6,2024/6/6 15:24,card,ANON-0000-0000-0266,37.72,Cappuccino
2024/6/6,2024/6/6 21:14,card,ANON-0000-0000-0267,37.72,Latte
2024/6/6,2024/6/6 21:15,card,ANON-0000-0000-0267,37.72,Latte
2024/6/6,2024/6/6 21:18,card,ANON-0000-0000-0206,37.72,Cappuccino
2024/6/6,2024/6/6 21:19,card,ANON-0000-0000-0206,32.82,Americano with Milk
2024/6/6,2024/6/6 21:21,card,ANON-0000-0000-0267,37.72,Latte
2024/6/7,2024/6/7 8:18,card,ANON-0000-0000-0268,37.72,Cappuccino
2024/6/7,2024/6/7 10:35,card,ANON-0000-0000-0269,23.02,Espresso
2024/6/7,2024/6/7 13:34,card,ANON-0000-0000-0164,32.82,Americano with Milk
2024/6/7,2024/6/7 16:45,card,ANON-0000-0000-0270,27.92,Cortado
2024/6/7,2024/6/7 16:47,card,ANON-0000-0000-0270,27.92,Cortado
2024/6/8,2024/6/8 9:04,card,ANON-0000-0000-0271,27.92,Cortado
2024/6/8,2024/6/8 9:26,card,ANON-0000-0000-0097,32.82,Americano with Milk
2024/6/8,2024/6/8 20:24,card,ANON-0000-0000-0134,37.72,Cappuccino
2024/6/8,2024/6/8 20:25,card,ANON-0000-0000-0134,37.72,Cappuccino
2024/6/9,2024/6/9 8:15,card,ANON-0000-0000-0097,37.72,Latte
2024/6/9,2024/6/9 10:30,card,ANON-0000-0000-0272,37.72,Latte
2024/6/9,2024/6/9 10:52,card,ANON-0000-0000-0273,37.72,Cappuccino
2024/6/9,2024/6/9 11:04,card,ANON-0000-0000-0141,27.92,Cortado
2024/6/9,2024/6/9 11:07,card,ANON-0000-0000-0274,23.02,Espresso
2024/6/9,2024/6/9 11:52,card,ANON-0000-0000-0275,37.72,Cappuccino
2024/6/9,2024/6/9 12:11,card,ANON-0000-0000-0276,32.82,Americano with Milk
2024/6/9,2024/6/9 12:13,card,ANON-0000-0000-0276,37.72,Latte
2024/6/9,2024/6/9 12:14,card,ANON-0000-0000-0276,37.72,Latte
2024/6/9,2024/6/9 15:10,card,ANON-0000-0000-0277,27.92,Cortado
2024/6/9,2024/6/9 16:17,card,ANON-0000-0000-0278,37.72,Cappuccino
2024/6/9,2024/6/9 19:21,card,ANON-0000-0000-0279,32.82,Americano with Milk
2024/6/9,2024/6/9 21:05,card,ANON-0000-0000-0280,27.92,Americano
2024/6/10,2024/6/10 12:47,card,ANON-0000-0000-0281,37.72,Cappuccino
2024/6/10,2024/6/10 12:56,card,ANON-0000-0000-0097,37.72,Latte
2024/6/10,2024/6/10 19:04,card,ANON-0000-0000-0282,37.72,Hot Chocolate
2024/6/10,2024/6/10 19:05,card,ANON-0000-0000-0282,37.72,Hot Chocolate
2024/6/10,2024/6/10 19:37,card,ANON-0000-0000-0283,37.72,Latte
2024/6/10,2024/6/10 19:38,card,ANON-0000-0000-0283,37.72,Latte
2024/6/11,2024/6/11 10:38,card,ANON-0000-0000-0284,32.82,Americano with Milk
2024/6/11,2024/6/11 18:48,card,ANON-0000-0000-0285,37.72,Latte
2024/6/11,2024/6/11 18:49,card,ANON-0000-0000-0285,37.72,Latte
2024/6/11,2024/6/11 21:17,card,ANON-0000-0000-0286,37.72,Hot Chocolate
2024/6/11,2024/6/11 21:27,card,ANON-0000-0000-0287,32.82,Americano with Milk
2024/6/11,2024/6/11 21:28,card,ANON-0000-0000-0287,32.82,Americano with Milk
2024/6/12,2024/6/12 10:18,card,ANON-0000-0000-0288,37.72,Hot Chocolate
2024/6/12,2024/6/12 11:51,card,ANON-0000-0000-0289,37.72,Cappuccino
2024/6/12,2024/6/12 17:41,card,ANON-0000-0000-0283,37.72,Latte
2024/6/12,2024/6/12 17:47,card,ANON-0000-0000-0290,37.72,Latte
2024/6/12,2024/6/12 20:16,card,ANON-0000-0000-0256,37.72,Hot Chocolate
2024/6/12,2024/6/12 20:25,card,ANON-0000-0000-0291,32.82,Americano with Milk
2024/6/13,2024/6/13 8:54,card,ANON-0000-0000-0292,27.92,Americano
2024/6/13,2024/6/13 8:57,card,ANON-0000-0000-0097,37.72,Latte
2024/6/13,2024/6/13 9:50,card,ANON-0000-0000-0293,32.82,Americano with Milk
2024/6/13,2024/6/13 9:57,card,ANON-0000-0000-0141,27.92,Cortado
2024/6/13,2024/6/13 17:04,card,ANON-0000-0000-0294,32.82,Americano with Milk
2024/6/13,2024/6/13 17:27,card,ANON-0000-0000-0295,37.72,Hot Chocolate
2024/6/13,2024/6/13 19:22,card,ANON-0000-0000-0296,37.72,Latte
2024/6/13,2024/6/13 20:20,card,ANON-0000-0000-0012,32.82,Americano with Milk
2024/6/13,2024/6/13 20:43,card,ANON-0000-0000-0012,23.02,Espresso
2024/6/13,2024/6/13 20:45,card,ANON-0000-0000-0295,23.02,Espresso
2024/6/13,2024/6/13 20:48,card,ANON-0000-0000-0009,32.82,Americano with Milk
2024/6/13,2024/6/13 21:02,card,ANON-0000-0000-0009,32.82,Americano with Milk
2024/6/14,2024/6/14 7:46,card,ANON-0000-0000-0141,27.92,Cortado
2024/6/14,2024/6/14 10:30,card,ANON-0000-0000-0297,27.92,Americano
2024/6/14,2024/6/14 12:14,card,ANON-0000-0000-0097,37.72,Latte
2024/6/14,2024/6/14 18:29,card,ANON-0000-0000-0298,32.82,Americano with Milk
2024/6/15,2024/6/15 11:26,card,ANON-0000-0000-0299,37.72,Cappuccino
2024/6/15,2024/6/15 12:21,card,ANON-0000-0000-0300,37.72,Latte
2024/6/15,2024/6/15 12:22,card,ANON-0000-0000-0300,32.82,Americano with Milk
2024/6/15,2024/6/15 12:23,card,ANON-0000-0000-0300,23.02,Espresso
2024/6/15,2024/6/15 12:24,card,ANON-0000-0000-0300,37.72,Cocoa
2024/6/15,2024/6/15 12:25,card,ANON-0000-0000-0300,32.82,Americano with Milk
2024/6/15,2024/6/15 16:03,card,ANON-0000-0000-0301,32.82,Americano with Milk
2024/6/15,2024/6/15 18:14,card,ANON-0000-0000-0302,27.92,Americano
2024/6/16,2024/6/16 10:43,card,ANON-0000-0000-0059,32.82,Americano with Milk
2024/6/16,2024/6/16 10:58,card,ANON-0000-0000-0303,37.72,Latte
2024/6/16,2024/6/16 11:00,card,ANON-0000-0000-0303,37.72,Hot Chocolate
2024/6/16,2024/6/16 11:01,card,ANON-0000-0000-0303,37.72,Hot Chocolate
2024/6/16,2024/6/16 12:49,card,ANON-0000-0000-0276,32.82,Americano with Milk
2024/6/16,2024/6/16 14:00,card,ANON-0000-0000-0274,23.02,Espresso
2024/6/16,2024/6/16 15:02,card,ANON-0000-0000-0304,32.82,Americano with Milk
2024/6/16,2024/6/16 15:05,card,ANON-0000-0000-0304,32.82,Americano with Milk
2024/6/16,2024/6/16 15:44,card,ANON-0000-0000-0305,37.72,Hot Chocolate
2024/6/16,2024/6/16 16:47,card,ANON-0000-0000-0306,37.72,Hot Chocolate
2024/6/16,2024/6/16 17:45,card,ANON-0000-0000-0059,32.82,Americano with Milk
2024/6/16,2024/6/16 17:46,card,ANON-0000-0000-0059,32.82,Americano with Milk
2024/6/17,2024/6/17 8:57,card,ANON-0000-0000-0307,27.92,Americano
2024/6/17,2024/6/17 10:12,card,ANON-0000-0000-0308,27.92,Cortado
2024/6/17,2024/6/17 10:13,card,ANON-0000-0000-0308,27.92,Cortado
2024/6/17,2024/6/17 10:55,card,ANON-0000-0000-0042,37.72,Cappuccino
2024/6/17,2024/6/17 14:51,card,ANON-0000-0000-0164,37.72,Cappuccino
2024/6/17,2024/6/17 16:50,card,ANON-0000-0000-0012,37.72,Cappuccino
2024/6/17,2024/6/17 16:51,card,ANON-0000-0000-0012,37.72,Cappuccino
2024/6/17,2024/6/17 16:52,card,ANON-0000-0000-0012,27.92,Americano
2024/6/17,2024/6/17 18:51,card,ANON-0000-0000-0309,27.92,Americano
2024/6/17,2024/6/17 21:16,card,ANON-0000-0000-0009,32.82,Americano with Milk
2024/6/18,2024/6/18 14:04,card,ANON-0000-0000-0299,27.92,Americano
2024/6/18,2024/6/18 14:05,card,ANON-0000-0000-0299,37.72,Cappuccino
2024/6/18,2024/6/18 19:20,card,ANON-0000-0000-0154,37.72,Cappuccino
2024/6/18,2024/6/18 19:21,card,ANON-0000-0000-0154,37.72,Cappuccino
2024/6/18,2024/6/18 20:35,card,ANON-0000-0000-0310,27.92,Cortado
2024/6/18,2024/6/18 21:20,card,ANON-0000-0000-0012,32.82,Americano with Milk
2024/6/18,2024/6/18 21:22,card,ANON-0000-0000-0012,32.82,Americano with Milk
2024/6/19,2024/6/19 7:47,card,ANON-0000-0000-0311,37.72,Latte
2024/6/19,2024/6/19 8:17,card,ANON-0000-0000-0141,27.92,Cortado
2024/6/19,2024/6/19 10:54,card,ANON-0000-0000-0312,27.92,Americano
2024/6/19,2024/6/19 11:11,card,ANON-0000-0000-0313,37.72,Latte
2024/6/19,2024/6/19 11:12,card,ANON-0000-0000-0313,37.72,Cocoa
2024/6/19,2024/6/19 14:21,card,ANON-0000-0000-0164,32.82,Americano with Milk
2024/6/19,2024/6/19 18:28,card,ANON-0000-0000-0153,37.72,Cappuccino
2024/6/19,2024/6/19 18:29,card,ANON-0000-0000-0153,37.72,Latte
2024/6/19,2024/6/19 19:31,card,ANON-0000-0000-0009,32.82,Americano with Milk
2024/6/19,2024/6/19 21:28,card,ANON-0000-0000-0192,37.72,Cappuccino
2024/6/19,2024/6/19 21:30,card,ANON-0000-0000-0192,32.82,Americano with Milk
2024/6/20,2024/6/20 10:50,card,ANON-0000-0000-0097,37.72,Latte
2024/6/20,2024/6/20 18:59,card,ANON-0000-0000-0314,37.72,Latte
2024/6/20,2024/6/20 19:00,card,ANON-0000-0000-0314,37.72,Latte
2024/6/20,2024/6/20 21:39,card,ANON-0000-0000-0257,37.72,Latte
2024/6/20,2024/6/20 21:57,card,ANON-0000-0000-0009,37.72,Latte
2024/6/20,2024/6/20 21:59,card,ANON-0000-0000-0009,32.82,Americano with Milk
2024/6/21,2024/6/21 9:59,card,ANON-0000-0000-0311,37.72,Latte
2024/6/21,2024/6/21 10:01,card,ANON-0000-0000-0315,27.92,Americano
2024/6/21,2024/6/21 13:19,card,ANON-0000-0000-0012,32.82,Americano with Milk
2024/6/21,2024/6/21 13:20,card,ANON-0000-0000-0012,32.82,Americano with Milk
2024/6/21,2024/6/21 18:12,card,ANON-0000-0000-0316,23.02,Espresso
2024/6/21,2024/6/21 19:30,card,ANON-0000-0000-0009,37.72,Latte
2024/6/21,2024/6/21 19:47,card,ANON-0000-0000-0154,37.72,Cappuccino
2024/6/21,2024/6/21 19:48,card,ANON-0000-0000-0154,37.72,Cappuccino
2024/6/21,2024/6/21 19:49,card,ANON-0000-0000-0180,37.72,Cappuccino
2024/6/21,2024/6/21 19:51,card,ANON-0000-0000-0180,37.72,Cappuccino
2024/6/21,2024/6/21 19:52,card,ANON-0000-0000-0180,27.92,Americano
2024/6/21,2024/6/21 19:55,card,ANON-0000-0000-0311,32.82,Americano with Milk
2024/6/22,2024/6/22 8:39,card,ANON-0000-0000-0141,27.92,Cortado
2024/6/22,2024/6/22 9:37,card,ANON-0000-0000-0311,32.82,Americano with Milk
2024/6/22,2024/6/22 12:53,card,ANON-0000-0000-0317,32.82,Americano with Milk
2024/6/22,2024/6/22 15:37,card,ANON-0000-0000-0009,37.72,Latte
2024/6/22,2024/6/22 22:10,card,ANON-0000-0000-0318,37.72,Cappuccino
2024/6/23,2024/6/23 18:12,card,ANON-0000-0000-0012,32.82,Americano with Milk
2024/6/23,2024/6/23 18:13,card,ANON-0000-0000-0012,32.82,Americano with Milk
2024/6/23,2024/6/23 21:06,card,ANON-0000-0000-0319,37.72,Cappuccino
2024/6/23,2024/6/23 21:29,card,ANON-0000-0000-0320,37.72,Latte
2024/6/23,2024/6/23 21:30,card,ANON-0000-0000-0320,37.72,Cappuccino
2024/6/24,2024/6/24 11:44,card,ANON-0000-0000-0164,32.82,Americano with Milk
2024/6/24,2024/6/24 11:49,card,ANON-0000-0000-0180,37.72,Cappuccino
2024/6/24,2024/6/24 11:50,card,ANON-0000-0000-0180,37.72,Cappuccino
2024/6/24,2024/6/24 15:02,card,ANON-0000-0000-0321,37.72,Latte
2024/6/24,2024/6/24 16:46,card,ANON-0000-0000-0203,37.72,Cappuccino
2024/6/24,2024/6/24 16:47,card,ANON-0000-0000-0203,37.72,Cappuccino
2024/6/25,2024/6/25 8:19,card,ANON-0000-0000-0322,37.72,Latte
2024/6/25,2024/6/25 10:28,card,ANON-0000-0000-0012,32.82,Americano with Milk
2024/6/25,2024/6/25 10:29,card,ANON-0000-0000-0040,32.82,Americano with Milk
2024/6/25,2024/6/25 11:34,card,ANON-0000-0000-0203,37.72,Cappuccino
2024/6/26,2024/6/26 9:33,card,ANON-0000-0000-0323,37.72,Latte
2024/6/26,2024/6/26 16:32,card,ANON-0000-0000-0324,23.02,Espresso
2024/6/26,2024/6/26 16:34,card,ANON-0000-0000-0325,27.92,Americano
2024/6/26,2024/6/26 21:21,card,ANON-0000-0000-0009,37.72,Latte
2024/6/26,2024/6/26 21:27,card,ANON-0000-0000-0009,37.72,Cappuccino
2024/6/26,2024/6/26 21:28,card,ANON-0000-0000-0206,32.82,Americano with Milk
2024/6/27,2024/6/27 9:15,card,ANON-0000-0000-0326,32.82,Americano with Milk
2024/6/27,2024/6/27 16:11,card,ANON-0000-0000-0327,27.92,CORTADO
2024/6/27,2024/6/27 21:44,card,ANON-0000-0000-0328,32.82,Americano with Milk
2024/6/27,2024/6/27 21:50,card,ANON-0000-0000-0329,37.72,Cappuccino
2024/6/28,2024/6/28 8:08,card,ANON-0000-0000-0141,27.92,Cortado
2024/6/28,2024/6/28 17:51,card,ANON-0000-0000-0274,23.02,Espresso
2024/6/28,2024/6/28 21:50,card,ANON-0000-0000-0330,32.82,Americano with Milk
2024/6/28,2024/6/28 21:52,card,ANON-0000-0000-0331,37.72,Latte
2024/6/28,2024/6/28 22:28,card,ANON-0000-0000-0332,37.72,Cappuccino
2024/6/29,2024/6/29 9:47,card,ANON-0000-0000-0097,32.82,Americano with Milk
2024/6/29,2024/6/29 11:40,card,ANON-0000-0000-0333,32.82,Americano with Milk
2024/6/29,2024/6/29 11:41,card,ANON-0000-0000-0333,32.82,Americano with Milk
2024/6/29,2024/6/29 12:30,card,ANON-0000-0000-0334,37.72,Cappuccino
2024/6/29,2024/6/29 12:31,card,ANON-0000-0000-0334,37.72,Cappuccino
2024/6/29,2024/6/29 17:23,card,ANON-0000-0000-0335,37.72,Cappuccino
2024/6/29,2024/6/29 17:24,card,ANON-0000-0000-0335,37.72,Hot Chocolate
2024/6/29,2024/6/29 21:27,card,ANON-0000-0000-0009,37.72,Latte
2024/6/30,2024/6/30 10:28,card,ANON-0000-0000-0336,37.72,Latte
2024/6/30,2024/6/30 13:05,card,ANON-0000-0000-0337,23.02,Espresso
2024/6/30,2024/6/30 16:54,card,ANON-0000-0000-0009,37.72,Hot Chocolate
2024/6/30,2024/6/30 21:04,card,ANON-0000-0000-0097,32.82,Americano with Milk
2024/7/1,2024/7/1 18:07,card,ANON-0000-0000-0012,23.02,Espresso
2024/7/1,2024/7/1 18:56,card,ANON-0000-0000-0338,37.72,Cappuccino
2024/7/1,2024/7/1 18:57,card,ANON-0000-0000-0339,37.72,Cappuccino
2024/7/2,2024/7/2 10:42,card,ANON-0000-0000-0304,32.82,Americano with Milk
2024/7/2,2024/7/2 10:45,card,ANON-0000-0000-0304,27.92,Americano
2024/7/2,2024/7/2 12:48,card,ANON-0000-0000-0019,37.72,Latte
2024/7/2,2024/7/2 14:03,card,ANON-0000-0000-0340,27.92,Americano
2024/7/2,2024/7/2 16:31,card,ANON-0000-0000-0341,32.82,Americano with Milk
2024/7/2,2024/7/2 22:02,card,ANON-0000-0000-0329,32.82,Americano with Milk
2024/7/3,2024/7/3 13:51,card,ANON-0000-0000-0012,32.82,Americano with Milk
2024/7/3,2024/7/3 16:01,card,ANON-0000-0000-0342,37.72,Cappuccino
2024/7/3,2024/7/3 16:50,card,ANON-0000-0000-0343,37.72,Cappuccino
2024/7/3,2024/7/3 16:53,card,ANON-0000-0000-0270,32.82,Americano with Milk
2024/7/3,2024/7/3 16:54,card,ANON-0000-0000-0344,32.82,Americano with Milk
2024/7/3,2024/7/3 16:55,card,ANON-0000-0000-0270,37.72,Latte
2024/7/3,2024/7/3 16:59,card,ANON-0000-0000-0345,23.02,Espresso
2024/7/3,2024/7/3 17:59,card,ANON-0000-0000-0346,37.72,Cappuccino
2024/7/3,2024/7/3 19:06,card,ANON-0000-0000-0009,37.72,Latte
2024/7/4,2024/7/4 10:26,card,ANON-0000-0000-0143,32.82,Americano with Milk
2024/7/4,2024/7/4 10:27,card,ANON-0000-0000-0012,27.92,Americano
2024/7/5,2024/7/5 12:20,card,ANON-0000-0000-0058,37.72,Cocoa
2024/7/5,2024/7/5 13:43,card,ANON-0000-0000-0040,32.82,Americano with Milk
2024/7/5,2024/7/5 13:44,card,ANON-0000-0000-0347,32.82,Americano with Milk
2024/7/5,2024/7/5 18:55,card,ANON-0000-0000-0348,23.02,Espresso
2024/7/5,2024/7/5 19:55,card,ANON-0000-0000-0099,27.92,Americano
2024/7/5,2024/7/5 22:11,card,ANON-0000-0000-0349,23.02,Espresso
2024/7/5,2024/7/5 22:18,card,ANON-0000-0000-0350,27.92,Americano
2024/7/5,2024/7/5 22:18,card,ANON-0000-0000-0350,27.92,Americano
2024/7/5,2024/7/5 22:20,card,ANON-0000-0000-0351,37.72,Cappuccino
2024/7/5,2024/7/5 22:21,card,ANON-0000-0000-0351,32.82,Americano with Milk
2024/7/6,2024/7/6 10:28,card,ANON-0000-0000-0352,37.72,Latte
2024/7/6,2024/7/6 17:15,card,ANON-0000-0000-0009,32.82,Latte
2024/7/6,2024/7/6 17:17,card,ANON-0000-0000-0009,32.82,Latte
2024/7/6,2024/7/6 19:09,card,ANON-0000-0000-0012,32.82,Latte
2024/7/6,2024/7/6 19:10,card,ANON-0000-0000-0012,27.92,Americano with Milk
2024/7/7,2024/7/7 9:04,card,ANON-0000-0000-0303,32.82,Cappuccino
2024/7/7,2024/7/7 9:14,card,ANON-0000-0000-0353,27.92,Americano with Milk
2024/7/7,2024/7/7 9:15,card,ANON-0000-0000-0353,27.92,Americano with Milk
2024/7/7,2024/7/7 9:28,card,ANON-0000-0000-0354,32.82,Cappuccino
2024/7/7,2024/7/7 9:29,card,ANON-0000-0000-0354,32.82,Cappuccino
2024/7/7,2024/7/7 14:56,card,ANON-0000-0000-0355,32.82,Hot Chocolate
2024/7/7,2024/7/7 14:57,card,ANON-0000-0000-0355,32.82,Cocoa
2024/7/7,2024/7/7 17:07,card,ANON-0000-0000-0356,32.82,Latte
2024/7/7,2024/7/7 19:33,card,ANON-0000-0000-0357,32.82,Cappuccino
2024/7/7,2024/7/7 20:01,card,ANON-0000-0000-0358,32.82,Hot Chocolate
2024/7/7,2024/7/7 22:33,card,ANON-0000-0000-0359,27.92,Americano with Milk
2024/7/8,2024/7/8 7:33,card,ANON-0000-0000-0360,32.82,Latte
2024/7/8,2024/7/8 12:02,card,ANON-0000-0000-0361,23.02,Americano
2024/7/8,2024/7/8 14:40,card,ANON-0000-0000-0362,23.02,Americano
2024/7/8,2024/7/8 19:30,card,ANON-0000-0000-0363,27.92,Americano with Milk
2024/7/8,2024/7/8 22:14,card,ANON-0000-0000-0019,32.82,Latte
2024/7/9,2024/7/9 10:26,card,ANON-0000-0000-0333,27.92,Americano with Milk
2024/7/9,2024/7/9 10:40,card,ANON-0000-0000-0276,27.92,Americano with Milk
2024/7/9,2024/7/9 11:21,card,ANON-0000-0000-0194,27.92,Americano with Milk
2024/7/9,2024/7/9 11:22,card,ANON-0000-0000-0194,32.82,Cappuccino
2024/7/9,2024/7/9 16:43,card,ANON-0000-0000-0364,27.92,Americano with Milk
2024/7/10,2024/7/10 11:10,card,ANON-0000-0000-0365,23.02,Americano
2024/7/10,2024/7/10 12:28,card,ANON-0000-0000-0366,27.92,Americano with Milk
2024/7/10,2024/7/10 22:13,card,ANON-0000-0000-0328,32.82,Latte
2024/7/11,2024/7/11 11:27,card,ANON-0000-0000-0367,32.82,Hot Chocolate
2024/7/11,2024/7/11 16:48,card,ANON-0000-0000-0368,27.92,Americano with Milk
2024/7/11,2024/7/11 22:22,card,ANON-0000-0000-0369,32.82,Latte
2024/7/11,2024/7/11 22:30,card,ANON-0000-0000-0370,23.02,Americano
2024/7/12,2024/7/12 8:03,card,ANON-0000-0000-0371,23.02,Cortado
2024/7/12,2024/7/12 11:48,card,ANON-0000-0000-0372,32.82,Hot Chocolate
2024/7/12,2024/7/12 22:33,card,ANON-0000-0000-0178,32.82,Hot Chocolate
2024/7/12,2024/7/12 22:34,card,ANON-0000-0000-0177,32.82,Hot Chocolate
2024/7/12,2024/7/12 22:35,card,ANON-0000-0000-0179,32.82,Hot Chocolate
2024/7/13,2024/7/13 10:38,card,ANON-0000-0000-0365,32.82,Latte
2024/7/13,2024/7/13 11:41,card,ANON-0000-0000-0365,32.82,Latte
2024/7/14,2024/7/14 10:54,card,ANON-0000-0000-0373,23.02,Americano
2024/7/14,2024/7/14 10:55,card,ANON-0000-0000-0373,27.92,Americano with Milk
2024/7/14,2024/7/14 10:56,card,ANON-0000-0000-0373,32.82,Cappuccino
2024/7/14,2024/7/14 10:57,card,ANON-0000-0000-0374,32.82,Latte
2024/7/14,2024/7/14 11:02,card,ANON-0000-0000-0375,23.02,Americano
2024/7/14,2024/7/14 22:31,card,ANON-0000-0000-0376,32.82,Latte
2024/7/15,2024/7/15 7:33,card,ANON-0000-0000-0377,32.82,Cappuccino
2024/7/16,2024/7/16 12:23,card,ANON-0000-0000-0378,27.92,Americano with Milk
2024/7/16,2024/7/16 19:29,card,ANON-0000-0000-0367,32.82,Hot Chocolate
2024/7/17,2024/7/17 13:05,card,ANON-0000-0000-0379,27.92,Americano with Milk
2024/7/18,2024/7/18 11:10,card,ANON-0000-0000-0380,27.92,Americano with Milk
2024/7/18,2024/7/18 11:11,card,ANON-0000-0000-0381,18.12,Espresso
2024/7/18,2024/7/18 11:33,card,ANON-0000-0000-0059,23.02,Americano
2024/7/18,2024/7/18 11:34,card,ANON-0000-0000-0059,23.02,Americano
2024/7/18,2024/7/18 11:35,card,ANON-0000-0000-0059,23.02,Cortado
2024/7/18,2024/7/18 13:23,card,ANON-0000-0000-0375,32.82,Latte
2024/7/18,2024/7/18 18:18,card,ANON-0000-0000-0382,32.82,Cappuccino
2024/7/18,2024/7/18 19:30,card,ANON-0000-0000-0009,32.82,Latte
2024/7/18,2024/7/18 21:19,card,ANON-0000-0000-0383,32.82,Hot Chocolate
2024/7/18,2024/7/18 21:22,card,ANON-0000-0000-0383,32.82,Latte
2024/7/18,2024/7/18 21:46,card,ANON-0000-0000-0384,32.82,Latte
2024/7/19,2024/7/19 11:03,card,ANON-0000-0000-0375,23.02,Americano
2024/7/19,2024/7/19 11:16,card,ANON-0000-0000-0385,27.92,Americano with Milk
2024/7/19,2024/7/19 12:58,card,ANON-0000-0000-0386,32.82,Latte
2024/7/19,2024/7/19 12:59,card,ANON-0000-0000-0386,27.92,Americano with Milk
2024/7/19,2024/7/19 14:09,card,ANON-0000-0000-0384,32.82,Latte
2024/7/19,2024/7/19 14:11,card,ANON-0000-0000-0384,32.82,Cocoa
2024/7/19,2024/7/19 16:36,card,ANON-0000-0000-0384,32.82,Latte
2024/7/19,2024/7/19 16:37,card,ANON-0000-0000-0384,32.82,Latte
2024/7/20,2024/7/20 8:05,card,ANON-0000-0000-0387,23.02,Americano
2024/7/20,2024/7/20 8:06,card,ANON-0000-0000-0387,32.82,Latte
2024/7/20,2024/7/20 8:07,card,ANON-0000-0000-0387,23.02,Americano
2024/7/20,2024/7/20 9:00,card,ANON-0000-0000-0388,32.82,Latte
2024/7/20,2024/7/20 9:02,card,ANON-0000-0000-0389,32.82,Latte
2024/7/20,2024/7/20 10:39,card,ANON-0000-0000-0390,23.02,Americano
2024/7/20,2024/7/20 15:15,card,ANON-0000-0000-0391,32.82,Latte
2024/7/21,2024/7/21 10:30,card,ANON-0000-0000-0367,32.82,Cocoa
2024/7/21,2024/7/21 11:39,card,ANON-0000-0000-0392,32.82,Cappuccino
2024/7/21,2024/7/21 13:34,card,ANON-0000-0000-0393,23.02,Cortado
2024/7/21,2024/7/21 13:42,card,ANON-0000-0000-0394,32.82,Latte
2024/7/22,2024/7/22 8:13,card,ANON-0000-0000-0375,23.02,Americano
2024/7/22,2024/7/22 8:40,card,ANON-0000-0000-0395,23.02,Americano
2024/7/22,2024/7/22 10:15,card,ANON-0000-0000-0385,27.92,Americano with Milk
2024/7/22,2024/7/22 16:44,card,ANON-0000-0000-0396,32.82,Latte
2024/7/23,2024/7/23 8:12,card,ANON-0000-0000-0197,32.82,Latte
2024/7/23,2024/7/23 8:40,card,ANON-0000-0000-0395,23.02,Americano
2024/7/23,2024/7/23 8:44,card,ANON-0000-0000-0397,27.92,Americano with Milk
2024/7/23,2024/7/23 8:49,card,ANON-0000-0000-0398,32.82,Cocoa
2024/7/23,2024/7/23 8:51,card,ANON-0000-0000-0399,32.82,Latte
2024/7/23,2024/7/23 9:01,card,ANON-0000-0000-0375,23.02,Americano
2024/7/23,2024/7/23 10:03,card,ANON-0000-0000-0400,27.92,Americano with Milk
2024/7/23,2024/7/23 15:20,card,ANON-0000-0000-0401,27.92,Americano with Milk
2024/7/23,2024/7/23 15:21,card,ANON-0000-0000-0401,32.82,Latte
2024/7/23,2024/7/23 21:01,card,ANON-0000-0000-0009,32.82,Latte
2024/7/23,2024/7/23 21:23,card,ANON-0000-0000-0012,23.02,Americano
2024/7/23,2024/7/23 21:24,card,ANON-0000-0000-0012,23.02,Americano
2024/7/24,2024/7/24 9:16,card,ANON-0000-0000-0097,27.92,Americano with Milk
2024/7/24,2024/7/24 9:38,card,ANON-0000-0000-0385,27.92,Americano with Milk
2024/7/24,2024/7/24 9:54,card,ANON-0000-0000-0402,18.12,Espresso
2024/7/24,2024/7/24 11:43,card,ANON-0000-0000-0379,32.82,Cappuccino
2024/7/24,2024/7/24 13:55,card,ANON-0000-0000-0399,32.82,Latte
2024/7/24,2024/7/24 14:45,card,ANON-0000-0000-0012,18.12,Espresso
2024/7/24,2024/7/24 15:18,card,ANON-0000-0000-0009,32.82,Latte
2024/7/24,2024/7/24 19:15,card,ANON-0000-0000-0205,32.82,Cappuccino
2024/7/24,2024/7/24 19:17,card,ANON-0000-0000-0205,32.82,Cappuccino
2024/7/24,2024/7/24 21:17,card,ANON-0000-0000-0040,27.92,Americano with Milk
2024/7/24,2024/7/24 21:18,card,ANON-0000-0000-0040,23.02,Americano
2024/7/24,2024/7/24 21:25,card,ANON-0000-0000-0012,23.02,Americano
2024/7/25,2024/7/25 7:54,card,ANON-0000-0000-0012,23.02,Americano
2024/7/25,2024/7/25 8:49,card,ANON-0000-0000-0399,32.82,Latte
2024/7/25,2024/7/25 10:29,card,ANON-0000-0000-0385,27.92,Americano with Milk
2024/7/25,2024/7/25 11:26,card,ANON-0000-0000-0375,23.02,Americano
2024/7/25,2024/7/25 15:25,card,ANON-0000-0000-0403,32.82,Cappuccino
2024/7/25,2024/7/25 19:21,card,ANON-0000-0000-0257,32.82,Cappuccino
2024/7/25,2024/7/25 21:06,card,ANON-0000-0000-0404,23.02,Cortado
2024/7/25,2024/7/25 21:06,card,ANON-0000-0000-0404,18.12,Espresso
2024/7/25,2024/7/25 22:38,card,ANON-0000-0000-0328,23.02,Cortado
2024/7/25,2024/7/25 22:39,card,ANON-0000-0000-0405,32.82,Cocoa
2024/7/26,2024/7/26 8:33,card,ANON-0000-0000-0406,32.82,Latte
2024/7/26,2024/7/26 9:19,card,ANON-0000-0000-0097,27.92,Americano with Milk
2024/7/26,2024/7/26 9:20,card,ANON-0000-0000-0059,18.12,Espresso
2024/7/26,2024/7/26 9:33,card,ANON-0000-0000-0407,23.02,Cortado
2024/7/26,2024/7/26 9:34,card,ANON-0000-0000-0407,23.02,Cortado
2024/7/26,2024/7/26 9:59,card,ANON-0000-0000-0408,32.82,Latte
2024/7/26,2024/7/26 10:00,card,ANON-0000-0000-0408,32.82,Latte
2024/7/26,2024/7/26 11:47,card,ANON-0000-0000-0385,27.92,Americano with Milk
2024/7/26,2024/7/26 12:07,card,ANON-0000-0000-0379,27.92,Americano with Milk
2024/7/26,2024/7/26 12:28,card,ANON-0000-0000-0339,32.82,Cappuccino
2024/7/26,2024/7/26 12:29,card,ANON-0000-0000-0339,32.82,Cappuccino
2024/7/26,2024/7/26 13:09,card,ANON-0000-0000-0409,32.82,Latte
2024/7/26,2024/7/26 17:23,card,ANON-0000-0000-0410,23.02,Americano
2024/7/26,2024/7/26 17:58,card,ANON-0000-0000-0411,32.82,Cappuccino
2024/7/26,2024/7/26 21:15,card,ANON-0000-0000-0009,32.82,Latte
2024/7/26,2024/7/26 22:49,card,ANON-0000-0000-0412,27.92,Americano with Milk
2024/7/27,2024/7/27 9:09,card,ANON-0000-0000-0097,32.82,Cappuccino
2024/7/27,2024/7/27 11:55,card,ANON-0000-0000-0413,27.92,Americano with Milk
2024/7/27,2024/7/27 12:25,card,ANON-0000-0000-0059,27.92,Americano with Milk
2024/7/27,2024/7/27 12:26,card,ANON-0000-0000-0040,18.12,Espresso
2024/7/27,2024/7/27 12:33,card,ANON-0000-0000-0059,27.92,Americano with Milk
2024/7/27,2024/7/27 14:28,card,ANON-0000-0000-0225,18.12,Espresso
2024/7/27,2024/7/27 14:51,card,ANON-0000-0000-0077,32.82,Latte
2024/7/27,2024/7/27 17:02,card,ANON-0000-0000-0414,32.82,Cappuccino
2024/7/27,2024/7/27 17:03,card,ANON-0000-0000-0415,32.82,Cappuccino
2024/7/27,2024/7/27 17:09,card,ANON-0000-0000-0416,27.92,Americano with Milk
2024/7/27,2024/7/27 17:10,card,ANON-0000-0000-0416,27.92,Americano with Milk
2024/7/27,2024/7/27 20:55,card,ANON-0000-0000-0009,32.82,Latte
2024/7/27,2024/7/27 22:56,card,ANON-0000-0000-0417,32.82,Cappuccino
2024/7/28,2024/7/28 11:07,card,ANON-0000-0000-0012,18.12,Espresso
2024/7/28,2024/7/28 14:17,card,ANON-0000-0000-0276,27.92,Americano with Milk
2024/7/28,2024/7/28 14:18,card,ANON-0000-0000-0276,32.82,Latte
2024/7/29,2024/7/29 8:12,card,ANON-0000-0000-0418,32.82,Latte
2024/7/29,2024/7/29 9:04,card,ANON-0000-0000-0012,23.02,Americano
2024/7/29,2024/7/29 9:15,card,ANON-0000-0000-0097,27.92,Americano with Milk
2024/7/29,2024/7/29 9:19,card,ANON-0000-0000-0003,23.02,Americano
2024/7/29,2024/7/29 9:51,card,ANON-0000-0000-0419,27.92,Americano with Milk
2024/7/29,2024/7/29 9:58,card,ANON-0000-0000-0420,32.82,Cappuccino
2024/7/29,2024/7/29 10:43,card,ANON-0000-0000-0421,32.82,Hot Chocolate
2024/7/29,2024/7/29 10:44,card,ANON-0000-0000-0421,32.82,Hot Chocolate
2024/7/29,2024/7/29 19:06,card,ANON-0000-0000-0422,32.82,Cappuccino
2024/7/29,2024/7/29 19:30,card,ANON-0000-0000-0099,23.02,Americano
2024/7/29,2024/7/29 21:57,card,ANON-0000-0000-0328,32.82,Cocoa
2024/7/30,2024/7/30 7:41,card,ANON-0000-0000-0423,27.92,Americano with Milk
2024/7/30,2024/7/30 8:05,card,ANON-0000-0000-0424,23.02,Cortado
2024/7/30,2024/7/30 8:20,card,ANON-0000-0000-0425,32.82,Cappuccino
2024/7/30,2024/7/30 9:13,card,ANON-0000-0000-0097,27.92,Americano with Milk
2024/7/30,2024/7/30 10:17,card,ANON-0000-0000-0141,23.02,Cortado
2024/7/30,2024/7/30 10:19,card,ANON-0000-0000-0276,27.92,Americano with Milk
2024/7/30,2024/7/30 10:23,card,ANON-0000-0000-0250,32.82,Latte
2024/7/30,2024/7/30 11:12,card,ANON-0000-0000-0426,23.02,Americano
2024/7/30,2024/7/30 11:13,card,ANON-0000-0000-0426,18.12,Espresso
2024/7/30,2024/7/30 11:14,card,ANON-0000-0000-0427,27.92,Americano with Milk
2024/7/30,2024/7/30 11:16,card,ANON-0000-0000-0428,27.92,Americano with Milk
2024/7/30,2024/7/30 11:30,card,ANON-0000-0000-0429,27.92,Americano with Milk
2024/7/30,2024/7/30 11:31,card,ANON-0000-0000-0430,27.92,Americano with Milk
2024/7/30,2024/7/30 12:08,card,ANON-0000-0000-0431,32.82,Latte
2024/7/30,2024/7/30 15:16,card,ANON-0000-0000-0432,27.92,Americano with Milk
2024/7/30,2024/7/30 16:08,card,ANON-0000-0000-0433,23.02,Cortado
2024/7/30,2024/7/30 16:09,card,ANON-0000-0000-0433,27.92,Americano with Milk
2024/7/30,2024/7/30 20:24,card,ANON-0000-0000-0434,18.12,Espresso
2024/7/30,2024/7/30 20:53,card,ANON-0000-0000-0097,27.92,Americano with Milk
2024/7/30,2024/7/30 20:54,card,ANON-0000-0000-0097,27.92,Americano with Milk
2024/7/30,2024/7/30 20:57,card,ANON-0000-0000-0347,27.92,Americano with Milk
2024/7/30,2024/7/30 21:33,card,ANON-0000-0000-0435,32.82,Latte
2024/7/30,2024/7/30 22:15,card,ANON-0000-0000-0436,23.02,Americano
2024/7/30,2024/7/30 22:16,card,ANON-0000-0000-0436,32.82,Cappuccino
2024/7/31,2024/7/31 7:59,card,ANON-0000-0000-0423,27.92,Americano with Milk
2024/7/31,2024/7/31 8:37,card,ANON-0000-0000-0437,27.92,Americano with Milk
2024/7/31,2024/7/31 8:38,card,ANON-0000-0000-0437,27.92,Americano with Milk
2024/7/31,2024/7/31 9:54,card,ANON-0000-0000-0388,23.02,Americano
2024/7/31,2024/7/31 9:55,card,ANON-0000-0000-0388,23.02,Americano
2024/7/31,2024/7/31 9:58,card,ANON-0000-0000-0276,27.92,Americano with Milk
2024/7/31,2024/7/31 13:11,card,ANON-0000-0000-0384,32.82,Cocoa
2024/7/31,2024/7/31 13:14,card,ANON-0000-0000-0384,32.82,Latte
2024/7/31,2024/7/31 13:24,card,ANON-0000-0000-0438,27.92,Americano with Milk
2024/7/31,2024/7/31 17:48,card,ANON-0000-0000-0439,23.02,Cortado
2024/7/31,2024/7/31 18:04,card,ANON-0000-0000-0440,32.82,Latte
2024/7/31,2024/7/31 19:22,card,ANON-0000-0000-0441,23.02,Cortado
2024/7/31,2024/7/31 19:28,card,ANON-0000-0000-0009,32.82,Latte
2024/7/31,2024/7/31 20:46,card,ANON-0000-0000-0442,32.82,Cocoa
2024/7/31,2024/7/31 20:50,card,ANON-0000-0000-0443,23.02,Cortado
2024/7/31,2024/7/31 20:51,card,ANON-0000-0000-0443,32.82,Latte
2024/7/31,2024/7/31 20:52,card,ANON-0000-0000-0153,32.82,Cappuccino
2024/7/31,2024/7/31 20:53,card,ANON-0000-0000-0443,23.02,Cortado
2024/7/31,2024/7/31 20:59,card,ANON-0000-0000-0040,27.92,Americano with Milk
2024/7/31,2024/7/31 21:26,card,ANON-0000-0000-0444,32.82,Latte
2024/7/31,2024/7/31 21:54,card,ANON-0000-0000-0445,32.82,Latte
2024/7/31,2024/7/31 21:55,card,ANON-0000-0000-0446,32.82,Latte
2024/8/1,2024/8/1 7:31,card,ANON-0000-0000-0423,27.92,Americano with Milk
2024/8/1,2024/8/1 9:25,card,ANON-0000-0000-0276,27.92,Americano with Milk
2024/8/1,2024/8/1 11:04,card,ANON-0000-0000-0097,27.92,Americano with Milk
2024/8/1,2024/8/1 11:22,card,ANON-0000-0000-0447,27.92,Americano with Milk
2024/8/1,2024/8/1 13:22,card,ANON-0000-0000-0448,23.02,Cortado
2024/8/1,2024/8/1 13:23,card,ANON-0000-0000-0448,32.82,Cappuccino
2024/8/1,2024/8/1 13:49,card,ANON-0000-0000-0449,32.82,Cappuccino
2024/8/1,2024/8/1 15:43,card,ANON-0000-0000-0423,27.92,Americano with Milk
2024/8/1,2024/8/1 16:24,card,ANON-0000-0000-0450,27.92,Americano with Milk
2024/8/1,2024/8/1 16:26,card,ANON-0000-0000-0450,23.02,Americano
2024/8/1,2024/8/1 17:23,card,ANON-0000-0000-0451,23.02,Americano
2024/8/1,2024/8/1 20:41,card,ANON-0000-0000-0452,32.82,Cappuccino
2024/8/2,2024/8/2 9:01,card,ANON-0000-0000-0453,27.92,Americano with Milk
2024/8/2,2024/8/2 9:35,card,ANON-0000-0000-0097,27.92,Americano with Milk
2024/8/2,2024/8/2 11:09,card,ANON-0000-0000-0141,23.02,Cortado
2024/8/2,2024/8/2 18:08,card,ANON-0000-0000-0454,27.92,Americano with Milk
2024/8/2,2024/8/2 21:23,card,ANON-0000-0000-0009,32.82,Latte
2024/8/3,2024/8/3 8:53,card,ANON-0000-0000-0097,27.92,Americano with Milk
2024/8/3,2024/8/3 9:37,card,ANON-0000-0000-0401,27.92,Americano with Milk
2024/8/3,2024/8/3 9:38,card,ANON-0000-0000-0401,27.92,Americano with Milk
2024/8/3,2024/8/3 10:12,card,ANON-0000-0000-0304,27.92,Americano with Milk
2024/8/3,2024/8/3 11:20,card,ANON-0000-0000-0455,23.02,Cortado
2024/8/3,2024/8/3 11:21,card,ANON-0000-0000-0455,23.02,Cortado
2024/8/3,2024/8/3 11:56,card,ANON-0000-0000-0040,18.12,Espresso
2024/8/3,2024/8/3 11:57,card,ANON-0000-0000-0040,27.92,Americano with Milk
2024/8/3,2024/8/3 12:03,card,ANON-0000-0000-0040,27.92,Americano with Milk
2024/8/3,2024/8/3 16:54,card,ANON-0000-0000-0322,27.92,Americano with Milk
2024/8/3,2024/8/3 18:38,card,ANON-0000-0000-0456,32.82,Cappuccino
2024/8/3,2024/8/3 21:30,card,ANON-0000-0000-0457,32.82,Latte
2024/8/3,2024/8/3 21:33,card,ANON-0000-0000-0457,32.82,Latte
2024/8/4,2024/8/4 8:18,card,ANON-0000-0000-0458,32.82,Cappuccino
2024/8/4,2024/8/4 10:37,card,ANON-0000-0000-0040,27.92,Americano with Milk
2024/8/4,2024/8/4 11:50,card,ANON-0000-0000-0258,32.82,Cappuccino
2024/8/4,2024/8/4 11:52,card,ANON-0000-0000-0258,27.92,Americano with Milk
2024/8/4,2024/8/4 15:33,card,ANON-0000-0000-0268,32.82,Cappuccino
2024/8/4,2024/8/4 15:35,card,ANON-0000-0000-0268,32.82,Cappuccino
2024/8/5,2024/8/5 8:50,card,ANON-0000-0000-0459,23.02,Cortado
2024/8/5,2024/8/5 9:19,card,ANON-0000-0000-0097,27.92,Americano with Milk
2024/8/5,2024/8/5 11:20,card,ANON-0000-0000-0375,23.02,Cortado
2024/8/5,2024/8/5 13:45,card,ANON-0000-0000-0460,32.82,Cappuccino
2024/8/5,2024/8/5 16:05,card,ANON-0000-0000-0461,32.82,Latte
2024/8/5,2024/8/5 16:07,card,ANON-0000-0000-0461,32.82,Latte
2024/8/5,2024/8/5 17:44,card,ANON-0000-0000-0462,32.82,Latte
2024/8/5,2024/8/5 17:45,card,ANON-0000-0000-0462,27.92,Americano with Milk
2024/8/5,2024/8/5 19:20,card,ANON-0000-0000-0019,32.82,Latte
2024/8/5,2024/8/5 19:34,card,ANON-0000-0000-0009,32.82,Latte
2024/8/5,2024/8/5 20:49,card,ANON-0000-0000-0463,32.82,Cocoa
2024/8/5,2024/8/5 20:50,card,ANON-0000-0000-0463,32.82,Cocoa
2024/8/5,2024/8/5 22:43,card,ANON-0000-0000-0464,27.92,Americano with Milk
2024/8/6,2024/8/6 10:21,card,ANON-0000-0000-0375,23.02,Cortado
2024/8/6,2024/8/6 10:32,card,ANON-0000-0000-0465,32.82,Hot Chocolate
2024/8/6,2024/8/6 17:40,card,ANON-0000-0000-0466,32.82,Cappuccino
2024/8/6,2024/8/6 17:42,card,ANON-0000-0000-0466,32.82,Latte
2024/8/6,2024/8/6 17:44,card,ANON-0000-0000-0466,32.82,Cocoa
2024/8/6,2024/8/6 19:04,card,ANON-0000-0000-0019,32.82,Latte
2024/8/6,2024/8/6 19:05,card,ANON-0000-0000-0467,27.92,Americano with Milk
2024/8/6,2024/8/6 20:04,card,ANON-0000-0000-0468,32.82,Latte
2024/8/7,2024/8/7 8:55,card,ANON-0000-0000-0453,27.92,Americano with Milk
2024/8/7,2024/8/7 12:12,card,ANON-0000-0000-0003,23.02,Americano
2024/8/7,2024/8/7 12:13,card,ANON-0000-0000-0003,23.02,Americano
2024/8/7,2024/8/7 13:11,card,ANON-0000-0000-0469,18.12,Espresso
2024/8/7,2024/8/7 16:19,card,ANON-0000-0000-0470,23.02,Americano
2024/8/7,2024/8/7 19:36,card,ANON-0000-0000-0009,32.82,Latte
2024/8/7,2024/8/7 20:40,card,ANON-0000-0000-0442,32.82,Cocoa
2024/8/7,2024/8/7 21:18,card,ANON-0000-0000-0328,32.82,Cappuccino
2024/8/7,2024/8/7 22:28,card,ANON-0000-0000-0471,32.82,Latte
2024/8/7,2024/8/7 22:32,card,ANON-0000-0000-0472,32.82,Latte
2024/8/8,2024/8/8 8:46,card,ANON-0000-0000-0141,18.12,Espresso
2024/8/8,2024/8/8 8:47,card,ANON-0000-0000-0141,23.02,Cortado
2024/8/8,2024/8/8 12:27,card,ANON-0000-0000-0420,27.92,Americano with Milk
2024/8/8,2024/8/8 12:43,card,ANON-0000-0000-0141,23.02,Cortado
2024/8/8,2024/8/8 12:44,card,ANON-0000-0000-0141,23.02,Cortado
2024/8/8,2024/8/8 16:57,card,ANON-0000-0000-0473,32.82,Cappuccino
2024/8/8,2024/8/8 17:17,card,ANON-0000-0000-0474,32.82,Cappuccino
2024/8/8,2024/8/8 21:25,card,ANON-0000-0000-0311,27.92,Americano with Milk
2024/8/9,2024/8/9 7:35,card,ANON-0000-0000-0475,32.82,Latte
2024/8/9,2024/8/9 9:53,card,ANON-0000-0000-0476,23.02,Americano
2024/8/9,2024/8/9 10:13,card,ANON-0000-0000-0141,23.02,Cortado
2024/8/9,2024/8/9 10:26,card,ANON-0000-0000-0311,27.92,Americano with Milk
2024/8/9,2024/8/9 11:28,card,ANON-0000-0000-0475,32.82,Latte
2024/8/9,2024/8/9 11:29,card,ANON-0000-0000-0477,23.02,Americano
2024/8/9,2024/8/9 18:56,card,ANON-0000-0000-0478,23.02,Americano
2024/8/9,2024/8/9 19:03,card,ANON-0000-0000-0479,32.82,Hot Chocolate
2024/8/10,2024/8/10 8:36,card,ANON-0000-0000-0480,32.82,Cappuccino
2024/8/10,2024/8/10 8:37,card,ANON-0000-0000-0480,27.92,Americano with Milk
2024/8/10,2024/8/10 8:45,card,ANON-0000-0000-0141,23.02,Cortado
2024/8/10,2024/8/10 11:52,card,ANON-0000-0000-0012,23.02,Cortado
2024/8/10,2024/8/10 11:54,card,ANON-0000-0000-0012,23.02,Americano
2024/8/10,2024/8/10 12:15,card,ANON-0000-0000-0481,32.82,Latte
2024/8/10,2024/8/10 12:33,card,ANON-0000-0000-0463,27.92,Americano with Milk
2024/8/10,2024/8/10 16:06,card,ANON-0000-0000-0009,32.82,Latte
2024/8/10,2024/8/10 21:16,card,ANON-0000-0000-0482,32.82,Cocoa
2024/8/10,2024/8/10 21:17,card,ANON-0000-0000-0482,32.82,Cocoa
2024/8/10,2024/8/10 21:37,card,ANON-0000-0000-0442,32.82,Cocoa
2024/8/11,2024/8/11 9:52,card,ANON-0000-0000-0440,32.82,Latte
2024/8/11,2024/8/11 9:53,card,ANON-0000-0000-0440,32.82,Latte
2024/8/11,2024/8/11 10:17,card,ANON-0000-0000-0347,27.92,Americano with Milk
2024/8/11,2024/8/11 11:56,card,ANON-0000-0000-0480,32.82,Cappuccino
2024/8/11,2024/8/11 11:57,card,ANON-0000-0000-0480,27.92,Americano with Milk
2024/8/11,2024/8/11 12:20,card,ANON-0000-0000-0141,23.02,Cortado
2024/8/11,2024/8/11 15:53,card,ANON-0000-0000-0483,32.82,Latte
2024/8/11,2024/8/11 15:55,card,ANON-0000-0000-0484,27.92,Americano with Milk
2024/8/11,2024/8/11 15:56,card,ANON-0000-0000-0484,32.82,Cocoa
2024/8/11,2024/8/11 16:27,card,ANON-0000-0000-0414,32.82,Cappuccino
2024/8/11,2024/8/11 16:28,card,ANON-0000-0000-0485,18.12,Espresso
2024/8/11,2024/8/11 21:30,card,ANON-0000-0000-0486,23.02,Cortado
2024/8/11,2024/8/11 21:41,card,ANON-0000-0000-0475,32.82,Latte
2024/8/11,2024/8/11 21:43,card,ANON-0000-0000-0487,32.82,Latte
2024/8/11,2024/8/11 22:39,card,ANON-0000-0000-0488,32.82,Cappuccino
2024/8/12,2024/8/12 8:26,card,ANON-0000-0000-0367,32.82,Hot Chocolate
2024/8/12,2024/8/12 11:15,card,ANON-0000-0000-0489,27.92,Americano with Milk
2024/8/12,2024/8/12 11:19,card,ANON-0000-0000-0490,23.02,Americano
2024/8/12,2024/8/12 11:20,card,ANON-0000-0000-0490,32.82,Latte
2024/8/12,2024/8/12 11:44,card,ANON-0000-0000-0491,32.82,Latte
2024/8/12,2024/8/12 14:04,card,ANON-0000-0000-0492,18.12,Espresso
2024/8/12,2024/8/12 14:05,card,ANON-0000-0000-0492,27.92,Americano with Milk
2024/8/12,2024/8/12 15:33,card,ANON-0000-0000-0493,27.92,Americano with Milk
2024/8/12,2024/8/12 18:05,card,ANON-0000-0000-0097,27.92,Americano with Milk
2024/8/12,2024/8/12 21:25,card,ANON-0000-0000-0097,27.92,Americano with Milk
2024/8/12,2024/8/12 21:37,card,ANON-0000-0000-0494,32.82,Latte
2024/8/12,2024/8/12 22:58,card,ANON-0000-0000-0134,32.82,Cappuccino
2024/8/12,2024/8/12 22:59,card,ANON-0000-0000-0134,32.82,Cappuccino
2024/8/13,2024/8/13 8:44,card,ANON-0000-0000-0495,27.92,Americano with Milk
2024/8/13,2024/8/13 9:14,card,ANON-0000-0000-0097,27.92,Americano with Milk
2024/8/13,2024/8/13 9:45,card,ANON-0000-0000-0385,27.92,Americano with Milk
2024/8/13,2024/8/13 10:42,card,ANON-0000-0000-0141,23.02,Cortado
2024/8/13,2024/8/13 11:59,card,ANON-0000-0000-0496,32.82,Latte
2024/8/13,2024/8/13 13:01,card,ANON-0000-0000-0497,27.92,Americano with Milk
2024/8/13,2024/8/13 14:45,card,ANON-0000-0000-0494,32.82,Latte
2024/8/13,2024/8/13 15:47,card,ANON-0000-0000-0498,32.82,Cappuccino
2024/8/13,2024/8/13 15:55,card,ANON-0000-0000-0097,27.92,Americano with Milk
2024/8/13,2024/8/13 20:29,card,ANON-0000-0000-0499,32.82,Latte
2024/8/13,2024/8/13 20:30,card,ANON-0000-0000-0499,32.82,Cocoa
2024/8/13,2024/8/13 20:44,card,ANON-0000-0000-0500,32.82,Cappuccino
2024/8/13,2024/8/13 21:00,card,ANON-0000-0000-0501,23.02,Cortado
2024/8/14,2024/8/14 7:35,card,ANON-0000-0000-0475,32.82,Latte
2024/8/14,2024/8/14 7:36,card,ANON-0000-0000-0472,32.82,Cappuccino
2024/8/14,2024/8/14 10:09,card,ANON-0000-0000-0141,23.02,Cortado
2024/8/14,2024/8/14 11:39,card,ANON-0000-0000-0095,18.12,Espresso
2024/8/14,2024/8/14 12:49,card,ANON-0000-0000-0502,23.02,Americano
2024/8/14,2024/8/14 12:51,card,ANON-0000-0000-0450,23.02,Americano
2024/8/14,2024/8/14 15:21,card,ANON-0000-0000-0503,32.82,Latte
2024/8/14,2024/8/14 17:24,card,ANON-0000-0000-0504,23.02,Americano
2024/8/14,2024/8/14 18:10,card,ANON-0000-0000-0505,23.02,Cortado
2024/8/14,2024/8/14 18:59,card,ANON-0000-0000-0506,27.92,Americano with Milk
2024/8/14,2024/8/14 19:34,card,ANON-0000-0000-0012,32.82,Latte
2024/8/14,2024/8/14 19:35,card,ANON-0000-0000-0012,23.02,Cortado
2024/8/14,2024/8/14 21:41,card,ANON-0000-0000-0507,32.82,Latte
2024/8/15,2024/8/15 9:36,card,ANON-0000-0000-0141,23.02,Cortado
2024/8/15,2024/8/15 9:37,card,ANON-0000-0000-0508,32.82,Cappuccino
2024/8/15,2024/8/15 9:38,card,ANON-0000-0000-0509,32.82,Hot Chocolate
2024/8/15,2024/8/15 9:38,card,ANON-0000-0000-0509,32.82,Latte
2024/8/15,2024/8/15 12:38,card,ANON-0000-0000-0232,32.82,Latte
2024/8/15,2024/8/15 13:48,card,ANON-0000-0000-0510,32.82,Latte
2024/8/15,2024/8/15 14:17,card,ANON-0000-0000-0012,23.02,Americano
2024/8/15,2024/8/15 14:18,card,ANON-0000-0000-0012,18.12,Espresso
2024/8/15,2024/8/15 17:53,card,ANON-0000-0000-0511,27.92,Americano with Milk
2024/8/15,2024/8/15 19:10,card,ANON-0000-0000-0512,32.82,Hot Chocolate
2024/8/15,2024/8/15 19:11,card,ANON-0000-0000-0512,27.92,Americano with Milk
2024/8/15,2024/8/15 19:41,card,ANON-0000-0000-0513,27.92,Americano with Milk
2024/8/15,2024/8/15 19:42,card,ANON-0000-0000-0513,23.02,Americano
2024/8/15,2024/8/15 20:40,card,ANON-0000-0000-0514,32.82,Cappuccino
2024/8/15,2024/8/15 21:35,card,ANON-0000-0000-0040,18.12,Espresso
2024/8/15,2024/8/15 21:36,card,ANON-0000-0000-0040,27.92,Americano with Milk
2024/8/16,2024/8/16 12:29,card,ANON-0000-0000-0513,32.82,Latte
2024/8/16,2024/8/16 12:54,card,ANON-0000-0000-0515,23.02,Americano
2024/8/16,2024/8/16 13:36,card,ANON-0000-0000-0429,27.92,Americano with Milk
2024/8/16,2024/8/16 15:18,card,ANON-0000-0000-0012,18.12,Espresso
2024/8/16,2024/8/16 15:19,card,ANON-0000-0000-0012,18.12,Espresso
2024/8/17,2024/8/17 9:16,card,ANON-0000-0000-0097,27.92,Americano with Milk
2024/8/17,2024/8/17 9:18,card,ANON-0000-0000-0516,32.82,Cappuccino
2024/8/17,2024/8/17 10:53,card,ANON-0000-0000-0517,27.92,Americano with Milk
2024/8/17,2024/8/17 11:58,card,ANON-0000-0000-0141,23.02,Cortado
2024/8/17,2024/8/17 11:59,card,ANON-0000-0000-0141,23.02,Cortado
2024/8/17,2024/8/17 13:18,card,ANON-0000-0000-0518,27.92,Americano with Milk
2024/8/17,2024/8/17 16:31,card,ANON-0000-0000-0277,23.02,Cortado
2024/8/17,2024/8/17 16:33,card,ANON-0000-0000-0192,32.82,Latte
2024/8/17,2024/8/17 18:48,card,ANON-0000-0000-0456,32.82,Cappuccino
2024/8/17,2024/8/17 21:18,card,ANON-0000-0000-0040,27.92,Americano with Milk
2024/8/17,2024/8/17 22:42,card,ANON-0000-0000-0519,32.82,Latte
2024/8/18,2024/8/18 8:09,card,ANON-0000-0000-0520,32.82,Cappuccino
2024/8/18,2024/8/18 8:32,card,ANON-0000-0000-0521,32.82,Cappuccino
2024/8/18,2024/8/18 8:41,card,ANON-0000-0000-0141,23.02,Cortado
2024/8/18,2024/8/18 8:56,card,ANON-0000-0000-0522,27.92,Americano with Milk
2024/8/18,2024/8/18 12:31,card,ANON-0000-0000-0463,32.82,Cappuccino
2024/8/18,2024/8/18 14:30,card,ANON-0000-0000-0040,27.92,Americano with Milk
2024/8/18,2024/8/18 18:24,card,ANON-0000-0000-0523,27.92,Americano with Milk
2024/8/18,2024/8/18 18:26,card,ANON-0000-0000-0523,27.92,Americano with Milk
2024/8/18,2024/8/18 18:27,card,ANON-0000-0000-0523,23.02,Americano
2024/8/18,2024/8/18 18:28,card,ANON-0000-0000-0523,23.02,Americano
2024/8/19,2024/8/19 15:09,card,ANON-0000-0000-0524,27.92,Americano with Milk
2024/8/19,2024/8/19 15:10,card,ANON-0000-0000-0524,27.92,Americano with Milk
2024/8/19,2024/8/19 21:21,card,ANON-0000-0000-0507,32.82,Latte
2024/8/19,2024/8/19 21:31,card,ANON-0000-0000-0491,32.82,Cocoa
2024/8/20,2024/8/20 8:27,card,ANON-0000-0000-0141,23.02,Cortado
2024/8/20,2024/8/20 8:29,card,ANON-0000-0000-0525,32.82,Latte
2024/8/20,2024/8/20 8:49,card,ANON-0000-0000-0526,18.12,Espresso
2024/8/20,2024/8/20 8:50,card,ANON-0000-0000-0526,23.02,Cortado
2024/8/20,2024/8/20 9:14,card,ANON-0000-0000-0097,27.92,Americano with Milk
2024/8/20,2024/8/20 11:09,card,ANON-0000-0000-0527,23.02,Americano
2024/8/20,2024/8/20 11:11,card,ANON-0000-0000-0528,23.02,Americano
2024/8/20,2024/8/20 11:12,card,ANON-0000-0000-0529,23.02,Americano
2024/8/20,2024/8/20 11:42,card,ANON-0000-0000-0141,32.82,Latte
2024/8/20,2024/8/20 20:42,card,ANON-0000-0000-0530,32.82,Latte
2024/8/20,2024/8/20 20:44,card,ANON-0000-0000-0531,32.82,Latte
2024/8/20,2024/8/20 20:45,card,ANON-0000-0000-0531,32.82,Latte
2024/8/20,2024/8/20 20:46,card,ANON-0000-0000-0532,32.82,Latte
2024/8/21,2024/8/21 7:59,card,ANON-0000-0000-0533,27.92,Americano with Milk
2024/8/21,2024/8/21 8:40,card,ANON-0000-0000-0141,23.02,Cortado
2024/8/21,2024/8/21 10:13,card,ANON-0000-0000-0375,23.02,Americano
2024/8/21,2024/8/21 10:38,card,ANON-0000-0000-0276,27.92,Americano with Milk
2024/8/21,2024/8/21 11:51,card,ANON-0000-0000-0141,23.02,Cortado
2024/8/21,2024/8/21 13:17,card,ANON-0000-0000-0534,32.82,Latte
2024/8/21,2024/8/21 19:42,card,ANON-0000-0000-0507,32.82,Latte
2024/8/22,2024/8/22 9:22,card,ANON-0000-0000-0141,23.02,Cortado
2024/8/22,2024/8/22 10:09,card,ANON-0000-0000-0419,27.92,Americano with Milk
2024/8/22,2024/8/22 10:47,card,ANON-0000-0000-0535,27.92,Americano with Milk
2024/8/22,2024/8/22 14:16,card,ANON-0000-0000-0510,32.82,Latte
2024/8/22,2024/8/22 14:26,card,ANON-0000-0000-0536,32.82,Latte
2024/8/22,2024/8/22 15:07,card,ANON-0000-0000-0537,32.82,Cappuccino
2024/8/22,2024/8/22 15:27,card,ANON-0000-0000-0538,23.02,Americano
2024/8/23,2024/8/23 7:43,card,ANON-0000-0000-0475,32.82,Latte
2024/8/23,2024/8/23 8:21,card,ANON-0000-0000-0141,23.02,Cortado
2024/8/23,2024/8/23 8:22,card,ANON-0000-0000-0425,32.82,Latte
2024/8/23,2024/8/23 8:33,card,ANON-0000-0000-0225,23.02,Americano
2024/8/23,2024/8/23 8:34,card,ANON-0000-0000-0225,23.02,Americano
2024/8/23,2024/8/23 9:14,card,ANON-0000-0000-0419,27.92,Americano with Milk
2024/8/23,2024/8/23 10:10,card,ANON-0000-0000-0539,32.82,Cocoa
2024/8/23,2024/8/23 10:11,card,ANON-0000-0000-0539,23.02,Americano
2024/8/23,2024/8/23 10:39,card,ANON-0000-0000-0141,23.02,Cortado
2024/8/23,2024/8/23 11:12,card,ANON-0000-0000-0540,32.82,Hot Chocolate
2024/8/23,2024/8/23 13:24,card,ANON-0000-0000-0541,23.02,Americano
2024/8/23,2024/8/23 15:28,card,ANON-0000-0000-0542,23.02,Americano
2024/8/23,2024/8/23 19:48,card,ANON-0000-0000-0507,32.82,Latte
2024/8/24,2024/8/24 8:13,card,ANON-0000-0000-0141,23.02,Cortado
2024/8/24,2024/8/24 8:14,card,ANON-0000-0000-0141,23.02,Cortado
2024/8/24,2024/8/24 8:44,card,ANON-0000-0000-0543,23.02,Cortado
2024/8/24,2024/8/24 10:18,card,ANON-0000-0000-0544,18.12,Espresso
2024/8/24,2024/8/24 10:18,card,ANON-0000-0000-0544,18.12,Espresso
2024/8/24,2024/8/24 10:19,card,ANON-0000-0000-0544,23.02,Americano
2024/8/25,2024/8/25 8:14,card,ANON-0000-0000-0141,23.02,Cortado
2024/8/25,2024/8/25 8:26,card,ANON-0000-0000-0408,23.02,Americano
2024/8/25,2024/8/25 8:27,card,ANON-0000-0000-0408,23.02,Americano
2024/8/25,2024/8/25 9:24,card,ANON-0000-0000-0545,32.82,Cappuccino
2024/8/25,2024/8/25 12:41,card,ANON-0000-0000-0546,32.82,Cappuccino
2024/8/25,2024/8/25 14:53,card,ANON-0000-0000-0077,32.82,Latte
2024/8/26,2024/8/26 8:11,card,ANON-0000-0000-0141,23.02,Cortado
2024/8/26,2024/8/26 8:16,card,ANON-0000-0000-0408,23.02,Americano
2024/8/26,2024/8/26 8:17,card,ANON-0000-0000-0408,23.02,Americano
2024/8/26,2024/8/26 9:21,card,ANON-0000-0000-0097,27.92,Americano with Milk
2024/8/26,2024/8/26 10:37,card,ANON-0000-0000-0547,32.82,Latte
2024/8/26,2024/8/26 10:38,card,ANON-0000-0000-0548,32.82,Cappuccino
2024/8/26,2024/8/26 12:45,card,ANON-0000-0000-0003,23.02,Americano
2024/8/26,2024/8/26 12:46,card,ANON-0000-0000-0003,23.02,Americano
2024/8/26,2024/8/26 18:53,card,ANON-0000-0000-0549,27.92,Americano with Milk
2024/8/26,2024/8/26 18:54,card,ANON-0000-0000-0549,32.82,Latte
2024/8/26,2024/8/26 22:55,card,ANON-0000-0000-0550,27.92,Americano with Milk
2024/8/27,2024/8/27 10:04,card,ANON-0000-0000-0375,32.82,Latte
2024/8/28,2024/8/28 12:08,card,ANON-0000-0000-0551,27.92,Americano with Milk
2024/8/28,2024/8/28 12:10,card,ANON-0000-0000-0551,32.82,Cappuccino
2024/8/28,2024/8/28 12:35,card,ANON-0000-0000-0375,23.02,Americano
2024/8/28,2024/8/28 13:48,card,ANON-0000-0000-0552,27.92,Americano with Milk
2024/8/29,2024/8/29 7:29,card,ANON-0000-0000-0553,23.02,Americano
2024/8/30,2024/8/30 17:13,card,ANON-0000-0000-0554,32.82,Latte
2024/8/30,2024/8/30 17:14,card,ANON-0000-0000-0554,27.92,Americano with Milk
2024/8/30,2024/8/30 17:15,card,ANON-0000-0000-0554,27.92,Americano with Milk
2024/8/31,2024/8/31 9:08,card,ANON-0000-0000-0371,23.02,Cortado
2024/8/31,2024/8/31 10:02,card,ANON-0000-0000-0555,27.92,Americano with Milk
2024/8/31,2024/8/31 10:22,card,ANON-0000-0000-0556,18.12,Espresso
2024/8/31,2024/8/31 11:29,card,ANON-0000-0000-0557,27.92,Americano with Milk
2024/8/31,2024/8/31 11:33,card,ANON-0000-0000-0141,23.02,Cortado
2024/8/31,2024/8/31 11:34,card,ANON-0000-0000-0141,23.02,Cortado
2024/9/1,2024/9/1 9:34,card,ANON-0000-0000-0141,23.02,Cortado
2024/9/1,2024/9/1 12:11,card,ANON-0000-0000-0558,32.82,Cappuccino
2024/9/1,2024/9/1 12:30,card,ANON-0000-0000-0181,27.92,Americano with Milk
2024/9/1,2024/9/1 12:32,card,ANON-0000-0000-0181,23.02,Americano
2024/9/1,2024/9/1 12:50,card,ANON-0000-0000-0559,27.92,Americano with Milk
2024/9/1,2024/9/1 13:57,card,ANON-0000-0000-0560,32.82,Latte
2024/9/1,2024/9/1 14:44,card,ANON-0000-0000-0385,27.92,Americano with Milk
2024/9/1,2024/9/1 17:20,card,ANON-0000-0000-0561,32.82,Latte
2024/9/1,2024/9/1 17:23,card,ANON-0000-0000-0562,32.82,Latte
2024/9/1,2024/9/1 17:24,card,ANON-0000-0000-0563,32.82,Latte
2024/9/2,2024/9/2 8:24,card,ANON-0000-0000-0425,32.82,Latte
2024/9/2,2024/9/2 8:50,card,ANON-0000-0000-0564,27.92,Americano with Milk
2024/9/2,2024/9/2 8:51,card,ANON-0000-0000-0565,32.82,Latte
2024/9/2,2024/9/2 14:58,card,ANON-0000-0000-0566,27.92,Americano with Milk
2024/9/2,2024/9/2 20:09,card,ANON-0000-0000-0567,32.82,Cappuccino
2024/9/2,2024/9/2 20:11,card,ANON-0000-0000-0179,32.82,Cocoa
2024/9/2,2024/9/2 20:52,card,ANON-0000-0000-0568,23.02,Americano
2024/9/2,2024/9/2 20:53,card,ANON-0000-0000-0568,23.02,Americano
2024/9/3,2024/9/3 8:22,card,ANON-0000-0000-0569,32.82,Cocoa
2024/9/3,2024/9/3 8:28,card,ANON-0000-0000-0168,32.82,Cappuccino
2024/9/3,2024/9/3 8:41,card,ANON-0000-0000-0570,32.82,Latte
2024/9/3,2024/9/3 9:03,card,ANON-0000-0000-0571,27.92,Americano with Milk
2024/9/3,2024/9/3 9:04,card,ANON-0000-0000-0571,32.82,Cappuccino
2024/9/3,2024/9/3 9:12,card,ANON-0000-0000-0572,32.82,Cocoa
2024/9/3,2024/9/3 9:13,card,ANON-0000-0000-0572,32.82,Cocoa
2024/9/3,2024/9/3 9:17,card,ANON-0000-0000-0385,27.92,Americano with Milk
2024/9/3,2024/9/3 9:20,card,ANON-0000-0000-0573,27.92,Americano with Milk
2024/9/3,2024/9/3 9:37,card,ANON-0000-0000-0574,32.82,Latte
2024/9/3,2024/9/3 9:38,card,ANON-0000-0000-0575,32.82,Cocoa
2024/9/3,2024/9/3 12:56,card,ANON-0000-0000-0576,23.02,Cortado
2024/9/3,2024/9/3 14:14,card,ANON-0000-0000-0333,27.92,Americano with Milk
2024/9/3,2024/9/3 14:16,card,ANON-0000-0000-0333,27.92,Americano with Milk
2024/9/3,2024/9/3 18:48,card,ANON-0000-0000-0333,27.92,Americano with Milk
2024/9/3,2024/9/3 19:11,card,ANON-0000-0000-0467,32.82,Latte
2024/9/3,2024/9/3 19:17,card,ANON-0000-0000-0467,27.92,Americano with Milk
2024/9/4,2024/9/4 11:11,card,ANON-0000-0000-0577,27.92,Americano with Milk
2024/9/4,2024/9/4 11:33,card,ANON-0000-0000-0510,32.82,Latte
2024/9/4,2024/9/4 11:48,card,ANON-0000-0000-0019,23.02,Americano
2024/9/4,2024/9/4 11:55,card,ANON-0000-0000-0578,27.92,Americano with Milk
2024/9/4,2024/9/4 12:53,card,ANON-0000-0000-0565,32.82,Latte
2024/9/4,2024/9/4 13:03,card,ANON-0000-0000-0579,32.82,Latte
2024/9/4,2024/9/4 13:05,card,ANON-0000-0000-0579,27.92,Americano with Milk
2024/9/4,2024/9/4 18:03,card,ANON-0000-0000-0580,32.82,Cappuccino
2024/9/4,2024/9/4 19:41,card,ANON-0000-0000-0097,27.92,Americano with Milk
2024/9/4,2024/9/4 21:19,card,ANON-0000-0000-0494,32.82,Latte
2024/9/5,2024/9/5 9:31,card,ANON-0000-0000-0385,27.92,Americano with Milk
2024/9/5,2024/9/5 10:28,card,ANON-0000-0000-0581,27.92,Americano with Milk
2024/9/5,2024/9/5 11:06,card,ANON-0000-0000-0019,23.02,Americano
2024/9/5,2024/9/5 14:00,card,ANON-0000-0000-0582,32.82,Latte
2024/9/5,2024/9/5 15:25,card,ANON-0000-0000-0583,32.82,Latte
2024/9/5,2024/9/5 16:38,card,ANON-0000-0000-0584,23.02,Americano
2024/9/5,2024/9/5 16:40,card,ANON-0000-0000-0585,27.92,Americano with Milk
2024/9/5,2024/9/5 17:04,card,ANON-0000-0000-0586,32.82,Cappuccino
2024/9/5,2024/9/5 17:05,card,ANON-0000-0000-0586,32.82,Cappuccino
2024/9/5,2024/9/5 20:30,card,ANON-0000-0000-0587,32.82,Cappuccino
2024/9/5,2024/9/5 20:54,card,ANON-0000-0000-0588,23.02,Americano
2024/9/5,2024/9/5 20:55,card,ANON-0000-0000-0588,32.82,Cappuccino
2024/9/5,2024/9/5 21:26,card,ANON-0000-0000-0040,27.92,Americano with Milk
2024/9/5,2024/9/5 21:27,card,ANON-0000-0000-0040,27.92,Americano with Milk
2024/9/6,2024/9/6 8:25,card,ANON-0000-0000-0582,32.82,Cappuccino
2024/9/6,2024/9/6 8:34,card,ANON-0000-0000-0425,32.82,Latte
2024/9/6,2024/9/6 8:54,card,ANON-0000-0000-0589,23.02,Americano
2024/9/6,2024/9/6 9:50,card,ANON-0000-0000-0590,18.12,Espresso
2024/9/6,2024/9/6 9:51,card,ANON-0000-0000-0590,32.82,Latte
2024/9/6,2024/9/6 10:30,card,ANON-0000-0000-0591,32.82,Hot Chocolate
2024/9/6,2024/9/6 11:23,card,ANON-0000-0000-0095,18.12,Espresso
2024/9/6,2024/9/6 11:24,card,ANON-0000-0000-0467,18.12,Espresso
2024/9/6,2024/9/6 20:00,card,ANON-0000-0000-0283,32.82,Latte
2024/9/6,2024/9/6 21:09,card,ANON-0000-0000-0507,32.82,Latte
2024/9/7,2024/9/7 8:48,card,ANON-0000-0000-0592,32.82,Latte
2024/9/7,2024/9/7 9:52,card,ANON-0000-0000-0543,23.02,Cortado
2024/9/7,2024/9/7 9:53,card,ANON-0000-0000-0543,23.02,Cortado
2024/9/7,2024/9/7 9:54,card,ANON-0000-0000-0593,23.02,Cortado
2024/9/7,2024/9/7 9:57,card,ANON-0000-0000-0276,27.92,Americano with Milk
2024/9/7,2024/9/7 9:59,card,ANON-0000-0000-0276,27.92,Americano with Milk
2024/9/7,2024/9/7 10:00,card,ANON-0000-0000-0141,23.02,Cortado
2024/9/7,2024/9/7 10:22,card,ANON-0000-0000-0594,23.02,Americano
2024/9/7,2024/9/7 10:37,card,ANON-0000-0000-0595,18.12,Espresso
2024/9/7,2024/9/7 10:40,card,ANON-0000-0000-0595,18.12,Espresso
2024/9/7,2024/9/7 10:53,card,ANON-0000-0000-0596,32.82,Latte
2024/9/7,2024/9/7 11:18,card,ANON-0000-0000-0012,27.92,Americano with Milk
2024/9/7,2024/9/7 11:20,card,ANON-0000-0000-0019,23.02,Americano
2024/9/7,2024/9/7 11:20,card,ANON-0000-0000-0012,18.12,Espresso
2024/9/7,2024/9/7 15:55,card,ANON-0000-0000-0597,32.82,Latte
2024/9/7,2024/9/7 16:20,card,ANON-0000-0000-0019,23.02,Americano
2024/9/7,2024/9/7 16:20,card,ANON-0000-0000-0012,18.12,Espresso
2024/9/7,2024/9/7 19:35,card,ANON-0000-0000-0283,32.82,Cocoa
2024/9/7,2024/9/7 19:36,card,ANON-0000-0000-0283,32.82,Latte
2024/9/7,2024/9/7 19:37,card,ANON-0000-0000-0283,32.82,Latte
2024/9/7,2024/9/7 20:13,card,ANON-0000-0000-0598,32.82,Latte
2024/9/7,2024/9/7 20:14,card,ANON-0000-0000-0598,32.82,Latte
2024/9/8,2024/9/8 8:15,card,ANON-0000-0000-0141,23.02,Cortado
2024/9/8,2024/9/8 9:18,card,ANON-0000-0000-0543,23.02,Cortado
2024/9/8,2024/9/8 9:19,card,ANON-0000-0000-0543,23.02,Cortado
2024/9/8,2024/9/8 10:05,card,ANON-0000-0000-0543,23.02,Cortado
2024/9/8,2024/9/8 12:43,card,ANON-0000-0000-0486,23.02,Cortado
2024/9/8,2024/9/8 20:13,card,ANON-0000-0000-0347,23.02,Americano
2024/9/9,2024/9/9 7:51,card,ANON-0000-0000-0599,32.82,Latte
2024/9/9,2024/9/9 7:53,card,ANON-0000-0000-0582,32.82,Cappuccino
2024/9/9,2024/9/9 7:55,card,ANON-0000-0000-0599,27.92,Americano with Milk
2024/9/9,2024/9/9 7:56,card,ANON-0000-0000-0570,32.82,Latte
2024/9/9,2024/9/9 9:49,card,ANON-0000-0000-0583,32.82,Latte
2024/9/9,2024/9/9 9:50,card,ANON-0000-0000-0583,32.82,Hot Chocolate
2024/9/9,2024/9/9 9:59,card,ANON-0000-0000-0494,32.82,Latte
2024/9/9,2024/9/9 11:11,card,ANON-0000-0000-0600,27.92,Americano with Milk
2024/9/9,2024/9/9 11:12,card,ANON-0000-0000-0601,27.92,Americano with Milk
2024/9/9,2024/9/9 11:29,card,ANON-0000-0000-0602,32.82,Latte
2024/9/9,2024/9/9 12:07,card,ANON-0000-0000-0603,18.12,Espresso
2024/9/9,2024/9/9 15:12,card,ANON-0000-0000-0604,32.82,Latte
2024/9/9,2024/9/9 15:13,card,ANON-0000-0000-0604,23.02,Americano
2024/9/9,2024/9/9 17:24,card,ANON-0000-0000-0605,32.82,Latte
2024/9/9,2024/9/9 18:13,card,ANON-0000-0000-0507,32.82,Latte
2024/9/9,2024/9/9 20:07,card,ANON-0000-0000-0268,32.82,Cappuccino
2024/9/9,2024/9/9 20:13,card,ANON-0000-0000-0606,32.82,Latte
2024/9/10,2024/9/10 8:12,card,ANON-0000-0000-0607,32.82,Hot Chocolate
2024/9/10,2024/9/10 9:32,card,ANON-0000-0000-0608,32.82,Cappuccino
2024/9/10,2024/9/10 15:21,card,ANON-0000-0000-0543,23.02,Cortado
2024/9/10,2024/9/10 15:23,card,ANON-0000-0000-0543,23.02,Cortado
2024/9/10,2024/9/10 18:43,card,ANON-0000-0000-0609,32.82,Cappuccino
2024/9/10,2024/9/10 18:45,card,ANON-0000-0000-0610,27.92,Americano with Milk
2024/9/10,2024/9/10 19:02,card,ANON-0000-0000-0611,32.82,Latte
2024/9/10,2024/9/10 19:03,card,ANON-0000-0000-0611,32.82,Latte
2024/9/10,2024/9/10 21:29,card,ANON-0000-0000-0012,27.92,Americano with Milk
2024/9/10,2024/9/10 21:30,card,ANON-0000-0000-0012,23.02,Americano
2024/9/11,2024/9/11 8:47,card,ANON-0000-0000-0612,32.82,Latte
2024/9/11,2024/9/11 9:28,card,ANON-0000-0000-0097,27.92,Americano with Milk
2024/9/11,2024/9/11 10:52,card,ANON-0000-0000-0613,32.82,Latte
2024/9/11,2024/9/11 19:53,card,ANON-0000-0000-0614,32.82,Cappuccino
2024/9/11,2024/9/11 20:13,card,ANON-0000-0000-0531,27.92,Americano with Milk
2024/9/11,2024/9/11 20:14,card,ANON-0000-0000-0531,32.82,Latte
2024/9/11,2024/9/11 20:15,card,ANON-0000-0000-0531,32.82,Latte
2024/9/11,2024/9/11 21:01,card,ANON-0000-0000-0584,23.02,Cortado
2024/9/12,2024/9/12 10:57,card,ANON-0000-0000-0347,18.12,Espresso
2024/9/12,2024/9/12 10:58,card,ANON-0000-0000-0347,27.92,Americano with Milk
2024/9/12,2024/9/12 11:27,card,ANON-0000-0000-0615,27.92,Americano with Milk
2024/9/12,2024/9/12 12:08,card,ANON-0000-0000-0565,32.82,Cappuccino
2024/9/12,2024/9/12 12:31,card,ANON-0000-0000-0616,23.02,Cortado
2024/9/12,2024/9/12 12:32,card,ANON-0000-0000-0616,23.02,Cortado
2024/9/12,2024/9/12 12:37,card,ANON-0000-0000-0141,23.02,Cortado
2024/9/12,2024/9/12 12:38,card,ANON-0000-0000-0141,23.02,Cortado
2024/9/12,2024/9/12 17:01,card,ANON-0000-0000-0617,32.82,Latte
2024/9/12,2024/9/12 21:09,card,ANON-0000-0000-0618,23.02,Americano
2024/9/12,2024/9/12 21:10,card,ANON-0000-0000-0618,32.82,Cappuccino
2024/9/12,2024/9/12 21:13,card,ANON-0000-0000-0319,23.02,Cortado
2024/9/13,2024/9/13 7:56,card,ANON-0000-0000-0570,32.82,Latte
2024/9/13,2024/9/13 8:41,card,ANON-0000-0000-0425,32.82,Latte
2024/9/13,2024/9/13 8:54,card,ANON-0000-0000-0375,32.82,Latte
2024/9/13,2024/9/13 9:51,card,ANON-0000-0000-0619,32.82,Latte
2024/9/13,2024/9/13 15:38,card,ANON-0000-0000-0242,27.92,Americano with Milk
2024/9/13,2024/9/13 15:50,card,ANON-0000-0000-0552,27.92,Americano with Milk
2024/9/14,2024/9/14 16:29,card,ANON-0000-0000-0543,32.82,Cappuccino
2024/9/14,2024/9/14 16:30,card,ANON-0000-0000-0543,32.82,Cappuccino
2024/9/15,2024/9/15 8:42,card,ANON-0000-0000-0347,18.12,Espresso
2024/9/15,2024/9/15 9:49,card,ANON-0000-0000-0620,27.92,Americano with Milk
2024/9/15,2024/9/15 13:49,card,ANON-0000-0000-0304,23.02,Americano
2024/9/15,2024/9/15 14:36,card,ANON-0000-0000-0141,23.02,Cortado
2024/9/15,2024/9/15 14:37,card,ANON-0000-0000-0141,23.02,Cortado
2024/9/15,2024/9/15 14:53,card,ANON-0000-0000-0543,32.82,Cappuccino
2024/9/16,2024/9/16 13:32,card,ANON-0000-0000-0621,32.82,Latte
2024/9/16,2024/9/16 13:33,card,ANON-0000-0000-0584,27.92,Americano with Milk
2024/9/16,2024/9/16 15:23,card,ANON-0000-0000-0621,32.82,Latte
2024/9/16,2024/9/16 17:16,card,ANON-0000-0000-0622,27.92,Americano with Milk
2024/9/16,2024/9/16 17:18,card,ANON-0000-0000-0623,32.82,Latte
2024/9/16,2024/9/16 18:54,card,ANON-0000-0000-0624,32.82,Latte
2024/9/16,2024/9/16 18:56,card,ANON-0000-0000-0625,32.82,Latte
2024/9/16,2024/9/16 21:10,card,ANON-0000-0000-0626,27.92,Americano with Milk
2024/9/16,2024/9/16 21:11,card,ANON-0000-0000-0626,32.82,Latte
2024/9/16,2024/9/16 21:37,card,ANON-0000-0000-0287,27.92,Americano with Milk
2024/9/16,2024/9/16 21:38,card,ANON-0000-0000-0097,27.92,Americano with Milk
2024/9/17,2024/9/17 7:54,card,ANON-0000-0000-0627,23.02,Cortado
2024/9/17,2024/9/17 8:09,card,ANON-0000-0000-0621,32.82,Latte
2024/9/17,2024/9/17 8:37,card,ANON-0000-0000-0276,27.92,Americano with Milk
2024/9/17,2024/9/17 8:42,card,ANON-0000-0000-0141,23.02,Cortado
2024/9/17,2024/9/17 9:10,card,ANON-0000-0000-0554,32.82,Cappuccino
2024/9/17,2024/9/17 9:11,card,ANON-0000-0000-0554,27.92,Americano with Milk
2024/9/17,2024/9/17 9:34,card,ANON-0000-0000-0620,27.92,Americano with Milk
2024/9/17,2024/9/17 12:38,card,ANON-0000-0000-0628,18.12,Espresso
2024/9/17,2024/9/17 12:39,card,ANON-0000-0000-0628,27.92,Americano with Milk
2024/9/17,2024/9/17 12:44,card,ANON-0000-0000-0629,32.82,Latte
2024/9/17,2024/9/17 13:54,card,ANON-0000-0000-0554,27.92,Americano with Milk
2024/9/17,2024/9/17 13:55,card,ANON-0000-0000-0630,23.02,Cortado
2024/9/17,2024/9/17 16:29,card,ANON-0000-0000-0554,32.82,Cappuccino
2024/9/17,2024/9/17 16:31,card,ANON-0000-0000-0630,32.82,Latte
2024/9/17,2024/9/17 18:54,card,ANON-0000-0000-0631,32.82,Hot Chocolate
2024/9/17,2024/9/17 19:00,card,ANON-0000-0000-0632,27.92,Americano with Milk
2024/9/17,2024/9/17 19:03,card,ANON-0000-0000-0633,27.92,Americano with Milk
2024/9/17,2024/9/17 19:12,card,ANON-0000-0000-0634,32.82,Latte
2024/9/17,2024/9/17 19:14,card,ANON-0000-0000-0634,27.92,Americano with Milk
2024/9/17,2024/9/17 19:15,card,ANON-0000-0000-0634,27.92,Americano with Milk
2024/9/17,2024/9/17 19:31,card,ANON-0000-0000-0635,27.92,Americano with Milk
2024/9/17,2024/9/17 22:19,card,ANON-0000-0000-0636,32.82,Hot Chocolate
2024/9/17,2024/9/17 22:20,card,ANON-0000-0000-0637,32.82,Hot Chocolate
2024/9/18,2024/9/18 14:29,card,ANON-0000-0000-0638,32.82,Latte
2024/9/18,2024/9/18 17:34,card,ANON-0000-0000-0639,32.82,Latte
2024/9/18,2024/9/18 21:15,card,ANON-0000-0000-0040,27.92,Americano with Milk
2024/9/18,2024/9/18 21:18,card,ANON-0000-0000-0040,27.92,Americano with Milk
2024/9/19,2024/9/19 8:17,card,ANON-0000-0000-0276,27.92,Americano with Milk
2024/9/19,2024/9/19 8:30,card,ANON-0000-0000-0627,23.02,Cortado
2024/9/19,2024/9/19 10:01,card,ANON-0000-0000-0494,32.82,Latte
2024/9/19,2024/9/19 12:59,card,ANON-0000-0000-0004,23.02,Americano
2024/9/19,2024/9/19 13:00,card,ANON-0000-0000-0004,27.92,Americano with Milk
2024/9/19,2024/9/19 13:45,card,ANON-0000-0000-0640,23.02,Cortado
2024/9/20,2024/9/20 8:34,card,ANON-0000-0000-0276,27.92,Americano with Milk
2024/9/20,2024/9/20 9:46,card,ANON-0000-0000-0641,27.92,Americano with Milk
2024/9/20,2024/9/20 13:39,card,ANON-0000-0000-0333,27.92,Americano with Milk
2024/9/20,2024/9/20 16:03,card,ANON-0000-0000-0642,32.82,Latte
2024/9/20,2024/9/20 20:39,card,ANON-0000-0000-0643,23.02,Americano
2024/9/20,2024/9/20 21:31,card,ANON-0000-0000-0287,27.92,Americano with Milk
2024/9/20,2024/9/20 21:32,card,ANON-0000-0000-0287,27.92,Americano with Milk
2024/9/21,2024/9/21 11:01,card,ANON-0000-0000-0644,32.82,Latte
2024/9/21,2024/9/21 11:02,card,ANON-0000-0000-0644,32.82,Cocoa
2024/9/21,2024/9/21 11:37,card,ANON-0000-0000-0543,23.02,Cortado
2024/9/21,2024/9/21 11:38,card,ANON-0000-0000-0543,23.02,Cortado
2024/9/21,2024/9/21 15:10,card,ANON-0000-0000-0645,32.82,Cappuccino
2024/9/21,2024/9/21 15:36,card,ANON-0000-0000-0646,32.82,Latte
2024/9/21,2024/9/21 18:16,card,ANON-0000-0000-0507,32.82,Latte
2024/9/21,2024/9/21 18:17,card,ANON-0000-0000-0507,32.82,Latte
2024/9/21,2024/9/21 20:29,card,ANON-0000-0000-0040,23.02,Americano
2024/9/21,2024/9/21 20:30,card,ANON-0000-0000-0040,23.02,Americano
2024/9/21,2024/9/21 20:33,card,ANON-0000-0000-0602,32.82,Latte
2024/9/21,2024/9/21 20:35,card,ANON-0000-0000-0602,32.82,Latte
2024/9/21,2024/9/21 22:18,card,ANON-0000-0000-0647,27.92,Americano with Milk
2024/9/21,2024/9/21 22:19,card,ANON-0000-0000-0647,23.02,Americano
2024/9/21,2024/9/21 22:20,card,ANON-0000-0000-0647,23.02,Americano
2024/9/22,2024/9/22 8:32,card,ANON-0000-0000-0648,23.02,Americano
2024/9/22,2024/9/22 10:12,card,ANON-0000-0000-0649,27.92,Americano with Milk
2024/9/22,2024/9/22 10:13,card,ANON-0000-0000-0649,32.82,Latte
2024/9/22,2024/9/22 11:06,card,ANON-0000-0000-0650,23.02,Cortado
2024/9/22,2024/9/22 11:07,card,ANON-0000-0000-0650,23.02,Cortado
2024/9/22,2024/9/22 11:52,card,ANON-0000-0000-0651,27.92,Americano with Milk
2024/9/22,2024/9/22 11:55,card,ANON-0000-0000-0099,23.02,Americano
2024/9/22,2024/9/22 12:07,card,ANON-0000-0000-0276,27.92,Americano with Milk
2024/9/22,2024/9/22 13:28,card,ANON-0000-0000-0333,27.92,Americano with Milk
2024/9/22,2024/9/22 13:29,card,ANON-0000-0000-0333,27.92,Americano with Milk
2024/9/22,2024/9/22 13:33,card,ANON-0000-0000-0510,27.92,Americano with Milk
2024/9/22,2024/9/22 15:34,card,ANON-0000-0000-0652,32.82,Latte
2024/9/22,2024/9/22 15:35,card,ANON-0000-0000-0652,27.92,Americano with Milk
2024/9/22,2024/9/22 16:25,card,ANON-0000-0000-0653,32.82,Cocoa
2024/9/22,2024/9/22 20:19,card,ANON-0000-0000-0654,32.82,Latte
2024/9/22,2024/9/22 20:20,card,ANON-0000-0000-0654,32.82,Cappuccino
2024/9/22,2024/9/22 20:46,card,ANON-0000-0000-0455,27.92,Americano with Milk
2024/9/22,2024/9/22 20:47,card,ANON-0000-0000-0455,27.92,Americano with Milk
2024/9/22,2024/9/22 21:07,card,ANON-0000-0000-0655,27.92,Americano with Milk
2024/9/22,2024/9/22 21:08,card,ANON-0000-0000-0655,27.92,Americano with Milk
2024/9/22,2024/9/22 21:54,card,ANON-0000-0000-0637,32.82,Hot Chocolate
2024/9/22,2024/9/22 21:54,card,ANON-0000-0000-0637,32.82,Hot Chocolate
2024/9/22,2024/9/22 22:37,card,ANON-0000-0000-0656,23.02,Americano
2024/9/22,2024/9/22 22:37,card,ANON-0000-0000-0657,27.92,Americano with Milk
2024/9/23,2024/9/23 9:03,card,ANON-0000-0000-0276,27.92,Americano with Milk
2024/9/23,2024/9/23 10:04,card,ANON-0000-0000-0141,23.02,Cortado
2024/9/23,2024/9/23 12:11,card,ANON-0000-0000-0584,23.02,Americano
2024/9/23,2024/9/23 14:08,card,ANON-0000-0000-0573,27.92,Americano with Milk
2024/9/23,2024/9/23 17:27,card,ANON-0000-0000-0658,32.82,Cappuccino
2024/9/23,2024/9/23 18:48,card,ANON-0000-0000-0659,23.02,Americano
2024/9/23,2024/9/23 19:47,card,ANON-0000-0000-0507,32.82,Latte
2024/9/23,2024/9/23 20:09,card,ANON-0000-0000-0206,32.82,Cappuccino
2024/9/23,2024/9/23 22:13,card,ANON-0000-0000-0641,27.92,Americano with Milk
2024/9/23,2024/9/23 22:15,card,ANON-0000-0000-0641,27.92,Americano with Milk
2024/9/24,2024/9/24 8:33,card,ANON-0000-0000-0276,27.92,Americano with Milk
2024/9/24,2024/9/24 12:23,card,ANON-0000-0000-0634,32.82,Latte
2024/9/24,2024/9/24 12:24,card,ANON-0000-0000-0634,32.82,Latte
2024/9/24,2024/9/24 12:46,card,ANON-0000-0000-0660,32.82,Latte
2024/9/24,2024/9/24 12:47,card,ANON-0000-0000-0660,32.82,Latte
2024/9/24,2024/9/24 14:11,card,ANON-0000-0000-0661,32.82,Latte
2024/9/24,2024/9/24 14:31,card,ANON-0000-0000-0662,23.02,Cortado
2024/9/24,2024/9/24 15:37,card,ANON-0000-0000-0510,32.82,Cappuccino
2024/9/24,2024/9/24 16:38,card,ANON-0000-0000-0583,32.82,Latte
2024/9/24,2024/9/24 18:43,card,ANON-0000-0000-0408,23.02,Americano
2024/9/24,2024/9/24 18:43,card,ANON-0000-0000-0408,23.02,Americano
2024/9/24,2024/9/24 20:15,card,ANON-0000-0000-0663,32.82,Hot Chocolate
2024/9/24,2024/9/24 21:05,card,ANON-0000-0000-0631,32.82,Latte
2024/9/24,2024/9/24 21:06,card,ANON-0000-0000-0531,27.92,Americano with Milk
2024/9/24,2024/9/24 21:07,card,ANON-0000-0000-0531,27.92,Americano with Milk
2024/9/25,2024/9/25 7:51,card,ANON-0000-0000-0664,32.82,Cappuccino
2024/9/25,2024/9/25 11:35,card,ANON-0000-0000-0141,23.02,Cortado
2024/9/25,2024/9/25 11:51,card,ANON-0000-0000-0665,27.92,Americano with Milk
2024/9/25,2024/9/25 11:52,card,ANON-0000-0000-0665,32.82,Latte
2024/9/25,2024/9/25 13:54,card,ANON-0000-0000-0666,27.92,Americano with Milk
2024/9/25,2024/9/25 13:55,card,ANON-0000-0000-0666,27.92,Americano with Milk
2024/9/25,2024/9/25 17:36,card,ANON-0000-0000-0667,27.92,Americano with Milk
2024/9/25,2024/9/25 17:37,card,ANON-0000-0000-0667,27.92,Americano with Milk
2024/9/25,2024/9/25 21:34,card,ANON-0000-0000-0668,23.02,Americano
2024/9/25,2024/9/25 22:18,card,ANON-0000-0000-0475,27.92,Americano with Milk
2024/9/26,2024/9/26 8:43,card,ANON-0000-0000-0570,32.82,Latte
2024/9/26,2024/9/26 10:37,card,ANON-0000-0000-0333,27.92,Americano with Milk
2024/9/26,2024/9/26 10:55,card,ANON-0000-0000-0669,18.12,Espresso
2024/9/26,2024/9/26 11:34,card,ANON-0000-0000-0670,32.82,Cappuccino
2024/9/26,2024/9/26 12:48,card,ANON-0000-0000-0671,32.82,Latte
2024/9/26,2024/9/26 18:21,card,ANON-0000-0000-0672,32.82,Latte
2024/9/26,2024/9/26 22:45,card,ANON-0000-0000-0673,32.82,Latte
2024/9/26,2024/9/26 22:46,card,ANON-0000-0000-0673,23.02,Cortado
2024/9/26,2024/9/26 22:47,card,ANON-0000-0000-0472,27.92,Americano with Milk
2024/9/27,2024/9/27 9:29,card,ANON-0000-0000-0276,27.92,Americano with Milk
2024/9/27,2024/9/27 9:33,card,ANON-0000-0000-0141,23.02,Cortado
2024/9/27,2024/9/27 9:41,card,ANON-0000-0000-0674,32.82,Cappuccino
2024/9/27,2024/9/27 10:46,card,ANON-0000-0000-0333,27.92,Americano with Milk
2024/9/27,2024/9/27 11:35,card,ANON-0000-0000-0333,27.92,Americano with Milk
2024/9/27,2024/9/27 13:20,card,ANON-0000-0000-0675,32.82,Cappuccino
2024/9/27,2024/9/27 13:25,card,ANON-0000-0000-0676,32.82,Cappuccino
2024/9/27,2024/9/27 13:28,card,ANON-0000-0000-0676,23.02,Americano
2024/9/27,2024/9/27 13:33,card,ANON-0000-0000-0677,27.92,Americano with Milk
2024/9/27,2024/9/27 18:07,card,ANON-0000-0000-0678,32.82,Latte
2024/9/27,2024/9/27 18:08,card,ANON-0000-0000-0678,32.82,Latte
2024/9/27,2024/9/27 18:37,card,ANON-0000-0000-0679,32.82,Cappuccino
2024/9/27,2024/9/27 18:40,card,ANON-0000-0000-0680,32.82,Cappuccino
2024/9/27,2024/9/27 20:18,card,ANON-0000-0000-0408,32.82,Cappuccino
2024/9/27,2024/9/27 20:19,card,ANON-0000-0000-0408,32.82,Cappuccino
2024/9/27,2024/9/27 20:58,card,ANON-0000-0000-0681,27.92,Americano with Milk
2024/9/28,2024/9/28 8:06,card,ANON-0000-0000-0666,27.92,Americano with Milk
2024/9/28,2024/9/28 9:31,card,ANON-0000-0000-0682,27.92,Americano with Milk
2024/9/28,2024/9/28 14:25,card,ANON-0000-0000-0507,35.76,Latte
2024/9/28,2024/9/28 16:57,card,ANON-0000-0000-0683,35.76,Latte
2024/9/28,2024/9/28 17:26,card,ANON-0000-0000-0684,30.86,Americano with Milk
2024/9/28,2024/9/28 20:34,card,ANON-0000-0000-0445,35.76,Latte
2024/9/28,2024/9/28 20:38,card,ANON-0000-0000-0685,35.76,Latte
2024/9/28,2024/9/28 22:16,card,ANON-0000-0000-0686,35.76,Cappuccino
2024/9/28,2024/9/28 22:17,card,ANON-0000-0000-0686,35.76,Cocoa
2024/9/28,2024/9/28 22:18,card,ANON-0000-0000-0687,25.96,Cortado
2024/9/28,2024/9/28 22:19,card,ANON-0000-0000-0687,35.76,Hot Chocolate
2024/9/29,2024/9/29 10:48,card,ANON-0000-0000-0467,25.96,Americano
2024/9/29,2024/9/29 10:50,card,ANON-0000-0000-0172,35.76,Cappuccino
2024/9/29,2024/9/29 10:51,card,ANON-0000-0000-0172,35.76,Cappuccino
2024/9/29,2024/9/29 10:52,card,ANON-0000-0000-0172,35.76,Cappuccino
2024/9/29,2024/9/29 10:53,card,ANON-0000-0000-0333,30.86,Americano with Milk
2024/9/29,2024/9/29 12:35,card,ANON-0000-0000-0683,35.76,Latte
2024/9/29,2024/9/29 12:50,card,ANON-0000-0000-0141,25.96,Cortado
2024/9/29,2024/9/29 12:54,card,ANON-0000-0000-0602,35.76,Latte
2024/9/29,2024/9/29 12:55,card,ANON-0000-0000-0688,35.76,Latte
2024/9/29,2024/9/29 18:02,card,ANON-0000-0000-0689,35.76,Cappuccino
2024/9/29,2024/9/29 22:31,card,ANON-0000-0000-0690,35.76,Latte
2024/9/30,2024/9/30 8:08,card,ANON-0000-0000-0141,25.96,Cortado
2024/9/30,2024/9/30 8:58,card,ANON-0000-0000-0691,25.96,Cortado
2024/9/30,2024/9/30 9:00,card,ANON-0000-0000-0692,35.76,Hot Chocolate
2024/9/30,2024/9/30 10:01,card,ANON-0000-0000-0276,30.86,Americano with Milk
2024/9/30,2024/9/30 10:05,card,ANON-0000-0000-0141,25.96,Cortado
2024/9/30,2024/9/30 11:32,card,ANON-0000-0000-0693,30.86,Americano with Milk
2024/9/30,2024/9/30 16:45,card,ANON-0000-0000-0333,30.86,Americano with Milk
2024/9/30,2024/9/30 19:32,card,ANON-0000-0000-0507,35.76,Latte
2024/9/30,2024/9/30 19:53,card,ANON-0000-0000-0694,30.86,Americano with Milk
2024/9/30,2024/9/30 19:54,card,ANON-0000-0000-0694,25.96,Cortado
2024/9/30,2024/9/30 19:59,card,ANON-0000-0000-0631,35.76,Latte
2024/9/30,2024/9/30 20:00,card,ANON-0000-0000-0531,30.86,Americano with Milk
2024/9/30,2024/9/30 20:01,card,ANON-0000-0000-0633,30.86,Americano with Milk
2024/9/30,2024/9/30 21:41,card,ANON-0000-0000-0695,30.86,Americano with Milk
2024/10/1,2024/10/1 7:47,card,ANON-0000-0000-0696,35.76,Latte
2024/10/1,2024/10/1 9:48,card,ANON-0000-0000-0276,30.86,Americano with Milk
2024/10/1,2024/10/1 10:02,card,ANON-0000-0000-0333,30.86,Americano with Milk
2024/10/1,2024/10/1 10:03,card,ANON-0000-0000-0333,30.86,Americano with Milk
2024/10/1,2024/10/1 11:55,card,ANON-0000-0000-0697,30.86,Americano with Milk
2024/10/1,2024/10/1 12:12,card,ANON-0000-0000-0698,30.86,Americano with Milk
2024/10/1,2024/10/1 12:14,card,ANON-0000-0000-0698,30.86,Americano with Milk
2024/10/1,2024/10/1 14:17,card,ANON-0000-0000-0699,25.96,Americano
2024/10/1,2024/10/1 14:18,card,ANON-0000-0000-0699,30.86,Americano with Milk
2024/10/1,2024/10/1 16:08,card,ANON-0000-0000-0637,35.76,Hot Chocolate
2024/10/1,2024/10/1 16:41,card,ANON-0000-0000-0700,25.96,Americano
2024/10/1,2024/10/1 18:08,card,ANON-0000-0000-0701,35.76,Latte
2024/10/1,2024/10/1 18:23,card,ANON-0000-0000-0702,35.76,Latte
2024/10/1,2024/10/1 18:24,card,ANON-0000-0000-0702,35.76,Hot Chocolate
2024/10/1,2024/10/1 20:03,card,ANON-0000-0000-0585,35.76,Hot Chocolate
2024/10/2,2024/10/2 7:57,card,ANON-0000-0000-0703,35.76,Latte
2024/10/2,2024/10/2 8:42,card,ANON-0000-0000-0141,25.96,Cortado
2024/10/2,2024/10/2 9:19,card,ANON-0000-0000-0276,30.86,Americano with Milk
2024/10/2,2024/10/2 10:22,card,ANON-0000-0000-0375,35.76,Latte
2024/10/2,2024/10/2 10:23,card,ANON-0000-0000-0704,30.86,Americano with Milk
2024/10/2,2024/10/2 11:28,card,ANON-0000-0000-0705,35.76,Cappuccino
2024/10/2,2024/10/2 15:13,card,ANON-0000-0000-0706,35.76,Cappuccino
2024/10/2,2024/10/2 18:31,card,ANON-0000-0000-0255,35.76,Hot Chocolate
2024/10/2,2024/10/2 22:18,card,ANON-0000-0000-0637,35.76,Hot Chocolate
2024/10/2,2024/10/2 22:19,card,ANON-0000-0000-0637,35.76,Hot Chocolate
2024/10/2,2024/10/2 22:20,card,ANON-0000-0000-0707,35.76,Hot Chocolate
2024/10/3,2024/10/3 13:47,card,ANON-0000-0000-0708,35.76,Cocoa
2024/10/3,2024/10/3 15:12,card,ANON-0000-0000-0709,30.86,Americano with Milk
2024/10/3,2024/10/3 20:12,card,ANON-0000-0000-0710,25.96,Cortado
2024/10/3,2024/10/3 20:14,card,ANON-0000-0000-0710,35.76,Hot Chocolate
2024/10/3,2024/10/3 21:21,card,ANON-0000-0000-0637,35.76,Hot Chocolate
2024/10/3,2024/10/3 21:21,card,ANON-0000-0000-0637,35.76,Hot Chocolate
2024/10/3,2024/10/3 21:29,card,ANON-0000-0000-0711,35.76,Cappuccino
2024/10/3,2024/10/3 21:31,card,ANON-0000-0000-0712,35.76,Hot Chocolate
2024/10/4,2024/10/4 8:44,card,ANON-0000-0000-0440,25.96,Americano
2024/10/4,2024/10/4 8:45,card,ANON-0000-0000-0440,25.96,Americano
2024/10/4,2024/10/4 9:30,card,ANON-0000-0000-0004,30.86,Americano with Milk
2024/10/4,2024/10/4 9:31,card,ANON-0000-0000-0003,25.96,Americano
2024/10/4,2024/10/4 9:53,card,ANON-0000-0000-0650,25.96,Cortado
2024/10/4,2024/10/4 9:55,card,ANON-0000-0000-0650,25.96,Cortado
2024/10/4,2024/10/4 17:35,card,ANON-0000-0000-0713,35.76,Latte
2024/10/4,2024/10/4 17:42,card,ANON-0000-0000-0714,35.76,Hot Chocolate
2024/10/4,2024/10/4 17:44,card,ANON-0000-0000-0714,35.76,Cocoa
2024/10/5,2024/10/5 9:00,card,ANON-0000-0000-0141,25.96,Cortado
2024/10/5,2024/10/5 9:01,card,ANON-0000-0000-0141,25.96,Cortado
2024/10/5,2024/10/5 9:35,card,ANON-0000-0000-0715,35.76,Cocoa
2024/10/5,2024/10/5 13:12,card,ANON-0000-0000-0206,35.76,Cappuccino
2024/10/5,2024/10/5 20:08,card,ANON-0000-0000-0012,25.96,Americano
2024/10/5,2024/10/5 20:09,card,ANON-0000-0000-0012,25.96,Americano
2024/10/6,2024/10/6 8:22,card,ANON-0000-0000-0141,25.96,Cortado
2024/10/6,2024/10/6 10:05,card,ANON-0000-0000-0195,35.76,Cappuccino
2024/10/6,2024/10/6 10:06,card,ANON-0000-0000-0195,25.96,Cortado
2024/10/6,2024/10/6 11:55,card,ANON-0000-0000-0716,35.76,Latte
2024/10/6,2024/10/6 12:09,card,ANON-0000-0000-0665,35.76,Latte
2024/10/6,2024/10/6 12:10,card,ANON-0000-0000-0665,35.76,Cappuccino
2024/10/6,2024/10/6 12:11,card,ANON-0000-0000-0665,30.86,Americano with Milk
2024/10/6,2024/10/6 13:46,card,ANON-0000-0000-0717,25.96,Americano
2024/10/6,2024/10/6 13:47,card,ANON-0000-0000-0717,35.76,Cappuccino
2024/10/6,2024/10/6 13:50,card,ANON-0000-0000-0718,30.86,Americano with Milk
2024/10/6,2024/10/6 13:51,card,ANON-0000-0000-0718,35.76,Latte
2024/10/6,2024/10/6 13:51,card,ANON-0000-0000-0718,35.76,Cappuccino
2024/10/6,2024/10/6 16:31,card,ANON-0000-0000-0719,35.76,Cappuccino
2024/10/6,2024/10/6 16:35,card,ANON-0000-0000-0720,21.06,Espresso
2024/10/6,2024/10/6 18:17,card,ANON-0000-0000-0721,30.86,Americano with Milk
2024/10/6,2024/10/6 18:35,card,ANON-0000-0000-0722,35.76,Hot Chocolate
2024/10/6,2024/10/6 21:09,card,ANON-0000-0000-0723,35.76,Hot Chocolate
2024/10/6,2024/10/6 21:10,card,ANON-0000-0000-0723,35.76,Hot Chocolate
2024/10/6,2024/10/6 21:10,card,ANON-0000-0000-0636,35.76,Hot Chocolate
2024/10/6,2024/10/6 21:16,card,ANON-0000-0000-0637,35.76,Latte
2024/10/7,2024/10/7 8:33,card,ANON-0000-0000-0724,35.76,Latte
2024/10/7,2024/10/7 8:49,card,ANON-0000-0000-0385,35.76,Latte
2024/10/7,2024/10/7 8:50,card,ANON-0000-0000-0385,30.86,Americano with Milk
2024/10/7,2024/10/7 9:05,card,ANON-0000-0000-0725,35.76,Cocoa
2024/10/7,2024/10/7 9:09,card,ANON-0000-0000-0726,35.76,Latte
2024/10/7,2024/10/7 12:17,card,ANON-0000-0000-0727,30.86,Americano with Milk
2024/10/7,2024/10/7 14:31,card,ANON-0000-0000-0728,25.96,Americano
2024/10/7,2024/10/7 14:32,card,ANON-0000-0000-0728,25.96,Americano
2024/10/7,2024/10/7 17:48,card,ANON-0000-0000-0494,35.76,Latte
2024/10/7,2024/10/7 21:14,card,ANON-0000-0000-0636,35.76,Hot Chocolate
2024/10/7,2024/10/7 21:15,card,ANON-0000-0000-0636,35.76,Hot Chocolate
2024/10/7,2024/10/7 21:40,card,ANON-0000-0000-0598,35.76,Latte
2024/10/8,2024/10/8 8:11,card,ANON-0000-0000-0703,35.76,Latte
2024/10/8,2024/10/8 9:05,card,ANON-0000-0000-0276,30.86,Americano with Milk
2024/10/8,2024/10/8 10:22,card,ANON-0000-0000-0700,25.96,Americano
2024/10/8,2024/10/8 10:27,card,ANON-0000-0000-0683,35.76,Latte
2024/10/8,2024/10/8 11:30,card,ANON-0000-0000-0726,35.76,Latte
2024/10/8,2024/10/8 12:48,card,ANON-0000-0000-0225,25.96,Americano
2024/10/8,2024/10/8 12:49,card,ANON-0000-0000-0225,25.96,Americano
2024/10/8,2024/10/8 13:04,card,ANON-0000-0000-0729,35.76,Latte
2024/10/8,2024/10/8 13:04,card,ANON-0000-0000-0729,35.76,Latte
2024/10/8,2024/10/8 14:42,card,ANON-0000-0000-0507,35.76,Latte
2024/10/8,2024/10/8 15:13,card,ANON-0000-0000-0475,35.76,Latte
2024/10/8,2024/10/8 15:19,card,ANON-0000-0000-0050,25.96,Americano
2024/10/8,2024/10/8 15:50,card,ANON-0000-0000-0730,30.86,Americano with Milk
2024/10/8,2024/10/8 20:40,card,ANON-0000-0000-0731,35.76,Hot Chocolate
2024/10/8,2024/10/8 20:41,card,ANON-0000-0000-0731,35.76,Cappuccino
2024/10/8,2024/10/8 20:51,card,ANON-0000-0000-0732,35.76,Latte
2024/10/8,2024/10/8 21:24,card,ANON-0000-0000-0040,30.86,Americano with Milk
2024/10/8,2024/10/8 21:25,card,ANON-0000-0000-0040,30.86,Americano with Milk
2024/10/9,2024/10/9 7:54,card,ANON-0000-0000-0570,35.76,Latte
2024/10/9,2024/10/9 8:25,card,ANON-0000-0000-0276,30.86,Americano with Milk
2024/10/9,2024/10/9 9:43,card,ANON-0000-0000-0424,30.86,Americano with Milk
2024/10/9,2024/10/9 9:59,card,ANON-0000-0000-0494,35.76,Latte
2024/10/9,2024/10/9 10:37,card,ANON-0000-0000-0733,21.06,Espresso
2024/10/9,2024/10/9 11:18,card,ANON-0000-0000-0734,25.96,Americano
2024/10/9,2024/10/9 13:03,card,ANON-0000-0000-0726,35.76,Latte
2024/10/9,2024/10/9 13:52,card,ANON-0000-0000-0735,30.86,Americano with Milk
2024/10/9,2024/10/9 17:26,card,ANON-0000-0000-0658,35.76,Cappuccino
2024/10/9,2024/10/9 17:27,card,ANON-0000-0000-0658,25.96,Americano
2024/10/9,2024/10/9 17:50,card,ANON-0000-0000-0736,21.06,Espresso
2024/10/9,2024/10/9 20:49,card,ANON-0000-0000-0737,35.76,Cappuccino
2024/10/10,2024/10/10 8:48,card,ANON-0000-0000-0003,25.96,Americano
2024/10/10,2024/10/10 9:23,card,ANON-0000-0000-0276,30.86,Americano with Milk
2024/10/10,2024/10/10 9:51,card,ANON-0000-0000-0738,35.76,Hot Chocolate
2024/10/10,2024/10/10 10:05,card,ANON-0000-0000-0375,35.76,Latte
2024/10/10,2024/10/10 10:42,card,ANON-0000-0000-0141,25.96,Cortado
2024/10/10,2024/10/10 10:43,card,ANON-0000-0000-0141,25.96,Cortado
2024/10/10,2024/10/10 10:55,card,ANON-0000-0000-0739,35.76,Latte
2024/10/10,2024/10/10 11:04,card,ANON-0000-0000-0740,35.76,Latte
2024/10/10,2024/10/10 15:05,card,ANON-0000-0000-0510,35.76,Cappuccino
2024/10/10,2024/10/10 17:40,card,ANON-0000-0000-0741,35.76,Latte
2024/10/10,2024/10/10 18:18,card,ANON-0000-0000-0742,25.96,Americano
2024/10/10,2024/10/10 18:56,card,ANON-0000-0000-0713,30.86,Americano with Milk
2024/10/10,2024/10/10 18:57,card,ANON-0000-0000-0713,35.76,Latte
2024/10/10,2024/10/10 22:33,card,ANON-0000-0000-0637,35.76,Hot Chocolate
2024/10/10,2024/10/10 22:34,card,ANON-0000-0000-0637,35.76,Hot Chocolate
2024/10/11,2024/10/11 7:54,card,ANON-0000-0000-0276,30.86,Americano with Milk
2024/10/11,2024/10/11 8:00,card,ANON-0000-0000-0703,35.76,Latte
2024/10/11,2024/10/11 8:12,card,ANON-0000-0000-0141,25.96,Cortado
2024/10/11,2024/10/11 8:28,card,ANON-0000-0000-0570,35.76,Latte
2024/10/11,2024/10/11 8:29,card,ANON-0000-0000-0570,35.76,Cocoa
2024/10/11,2024/10/11 8:55,card,ANON-0000-0000-0725,35.76,Cocoa
2024/10/11,2024/10/11 8:56,card,ANON-0000-0000-0726,30.86,Americano with Milk
2024/10/11,2024/10/11 8:58,card,ANON-0000-0000-0743,35.76,Hot Chocolate
2024/10/11,2024/10/11 9:31,card,ANON-0000-0000-0744,30.86,Americano with Milk
2024/10/11,2024/10/11 9:38,card,ANON-0000-0000-0402,25.96,Cortado
2024/10/11,2024/10/11 10:00,card,ANON-0000-0000-0375,25.96,Americano
2024/10/11,2024/10/11 10:01,card,ANON-0000-0000-0375,25.96,Americano
2024/10/11,2024/10/11 10:30,card,ANON-0000-0000-0242,30.86,Americano with Milk
2024/10/11,2024/10/11 13:05,card,ANON-0000-0000-0740,35.76,Latte
2024/10/11,2024/10/11 13:29,card,ANON-0000-0000-0012,25.96,Americano
2024/10/11,2024/10/11 13:30,card,ANON-0000-0000-0012,25.96,Americano
2024/10/11,2024/10/11 14:33,card,ANON-0000-0000-0745,35.76,Cocoa
2024/10/11,2024/10/11 14:35,card,ANON-0000-0000-0745,25.96,Americano
2024/10/11,2024/10/11 14:50,card,ANON-0000-0000-0714,35.76,Cappuccino
2024/10/11,2024/10/11 17:12,card,ANON-0000-0000-0746,35.76,Latte
2024/10/11,2024/10/11 17:13,card,ANON-0000-0000-0746,35.76,Hot Chocolate
2024/10/11,2024/10/11 17:26,card,ANON-0000-0000-0747,35.76,Hot Chocolate
2024/10/11,2024/10/11 21:48,card,ANON-0000-0000-0690,35.76,Latte
2024/10/11,2024/10/11 21:53,card,ANON-0000-0000-0748,30.86,Americano with Milk
2024/10/11,2024/10/11 22:36,card,ANON-0000-0000-0749,35.76,Hot Chocolate
2024/10/11,2024/10/11 22:37,card,ANON-0000-0000-0749,35.76,Hot Chocolate
2024/10/12,2024/10/12 8:28,card,ANON-0000-0000-0141,25.96,Cortado
2024/10/12,2024/10/12 10:31,card,ANON-0000-0000-0650,25.96,Cortado
2024/10/12,2024/10/12 10:32,card,ANON-0000-0000-0650,25.96,Cortado
2024/10/12,2024/10/12 11:52,card,ANON-0000-0000-0507,35.76,Latte
2024/10/12,2024/10/12 11:53,card,ANON-0000-0000-0750,30.86,Americano with Milk
2024/10/12,2024/10/12 13:18,card,ANON-0000-0000-0751,35.76,Cappuccino
2024/10/12,2024/10/12 20:10,card,ANON-0000-0000-0507,35.76,Latte
2024/10/13,2024/10/13 9:54,card,ANON-0000-0000-0141,25.96,Cortado
2024/10/13,2024/10/13 12:20,card,ANON-0000-0000-0752,30.86,Americano with Milk
2024/10/13,2024/10/13 13:32,card,ANON-0000-0000-0650,25.96,Cortado
2024/10/13,2024/10/13 13:33,card,ANON-0000-0000-0650,21.06,Espresso
2024/10/13,2024/10/13 13:34,card,ANON-0000-0000-0650,25.96,Cortado
2024/10/13,2024/10/13 17:53,card,ANON-0000-0000-0507,35.76,Latte
2024/10/13,2024/10/13 17:54,card,ANON-0000-0000-0507,35.76,Latte
2024/10/13,2024/10/13 18:22,card,ANON-0000-0000-0753,35.76,Cappuccino
2024/10/13,2024/10/13 20:43,card,ANON-0000-0000-0257,35.76,Cappuccino
2024/10/14,2024/10/14 8:26,card,ANON-0000-0000-0276,30.86,Americano with Milk
2024/10/14,2024/10/14 9:49,card,ANON-0000-0000-0754,35.76,Cocoa
2024/10/14,2024/10/14 10:27,card,ANON-0000-0000-0141,25.96,Cortado
2024/10/14,2024/10/14 10:38,card,ANON-0000-0000-0440,35.76,Latte
2024/10/14,2024/10/14 10:39,card,ANON-0000-0000-0440,35.76,Latte
2024/10/14,2024/10/14 11:23,card,ANON-0000-0000-0755,35.76,Cappuccino
2024/10/14,2024/10/14 11:25,card,ANON-0000-0000-0225,25.96,Americano
2024/10/14,2024/10/14 11:26,card,ANON-0000-0000-0225,25.96,Americano
2024/10/14,2024/10/14 14:36,card,ANON-0000-0000-0756,35.76,Latte
2024/10/14,2024/10/14 14:49,card,ANON-0000-0000-0507,35.76,Latte
2024/10/14,2024/10/14 16:37,card,ANON-0000-0000-0757,25.96,Americano
2024/10/14,2024/10/14 18:19,card,ANON-0000-0000-0758,35.76,Latte
2024/10/14,2024/10/14 18:20,card,ANON-0000-0000-0758,35.76,Cappuccino
2024/10/14,2024/10/14 22:08,card,ANON-0000-0000-0759,35.76,Latte
2024/10/14,2024/10/14 22:10,card,ANON-0000-0000-0760,35.76,Latte
2024/10/14,2024/10/14 22:21,card,ANON-0000-0000-0510,35.76,Latte
2024/10/15,2024/10/15 8:14,card,ANON-0000-0000-0141,25.96,Cortado
2024/10/15,2024/10/15 8:34,card,ANON-0000-0000-0761,21.06,Espresso
2024/10/15,2024/10/15 11:13,card,ANON-0000-0000-0762,35.76,Hot Chocolate
2024/10/15,2024/10/15 11:15,card,ANON-0000-0000-0736,35.76,Latte
2024/10/15,2024/10/15 11:16,card,ANON-0000-0000-0736,35.76,Hot Chocolate
2024/10/15,2024/10/15 13:00,card,ANON-0000-0000-0763,35.76,Latte
2024/10/15,2024/10/15 13:15,card,ANON-0000-0000-0764,30.86,Americano with Milk
2024/10/15,2024/10/15 15:32,card,ANON-0000-0000-0683,35.76,Latte
2024/10/15,2024/10/15 15:54,card,ANON-0000-0000-0765,25.96,Americano
2024/10/15,2024/10/15 15:55,card,ANON-0000-0000-0765,21.06,Espresso
2024/10/15,2024/10/15 17:04,card,ANON-0000-0000-0766,35.76,Hot Chocolate
2024/10/15,2024/10/15 19:22,card,ANON-0000-0000-0767,25.96,Americano
2024/10/15,2024/10/15 19:23,card,ANON-0000-0000-0767,35.76,Cocoa
2024/10/15,2024/10/15 20:11,card,ANON-0000-0000-0507,35.76,Latte
2024/10/15,2024/10/15 20:12,card,ANON-0000-0000-0507,35.76,Latte
2024/10/15,2024/10/15 21:18,card,ANON-0000-0000-0040,35.76,Hot Chocolate
2024/10/15,2024/10/15 21:35,card,ANON-0000-0000-0040,35.76,Hot Chocolate
2024/10/15,2024/10/15 22:15,card,ANON-0000-0000-0690,35.76,Latte
2024/10/16,2024/10/16 8:21,card,ANON-0000-0000-0276,30.86,Americano with Milk
2024/10/16,2024/10/16 8:36,card,ANON-0000-0000-0696,35.76,Hot Chocolate
2024/10/16,2024/10/16 9:25,card,ANON-0000-0000-0570,35.76,Latte
2024/10/16,2024/10/16 10:15,card,ANON-0000-0000-0571,30.86,Americano with Milk
2024/10/16,2024/10/16 10:16,card,ANON-0000-0000-0571,30.86,Americano with Milk
2024/10/16,2024/10/16 10:45,card,ANON-0000-0000-0333,30.86,Americano with Milk
2024/10/16,2024/10/16 11:49,card,ANON-0000-0000-0768,25.96,Americano
2024/10/16,2024/10/16 12:29,card,ANON-0000-0000-0769,30.86,Americano with Milk
2024/10/16,2024/10/16 13:20,card,ANON-0000-0000-0764,25.96,Americano
2024/10/16,2024/10/16 16:45,card,ANON-0000-0000-0770,35.76,Latte
2024/10/16,2024/10/16 17:43,card,ANON-0000-0000-0510,30.86,Americano with Milk
2024/10/16,2024/10/16 19:37,card,ANON-0000-0000-0771,30.86,Americano with Milk
2024/10/16,2024/10/16 19:38,card,ANON-0000-0000-0771,30.86,Americano with Milk
2024/10/16,2024/10/16 21:20,card,ANON-0000-0000-0772,35.76,Hot Chocolate
2024/10/17,2024/10/17 7:47,card,ANON-0000-0000-0696,35.76,Latte
2024/10/17,2024/10/17 7:58,card,ANON-0000-0000-0570,35.76,Latte
2024/10/17,2024/10/17 9:24,card,ANON-0000-0000-0773,30.86,Americano with Milk
2024/10/17,2024/10/17 10:26,card,ANON-0000-0000-0510,35.76,Latte
2024/10/17,2024/10/17 10:44,card,ANON-0000-0000-0313,35.76,Hot Chocolate
2024/10/17,2024/10/17 11:59,card,ANON-0000-0000-0774,30.86,Americano with Milk
2024/10/17,2024/10/17 13:57,card,ANON-0000-0000-0775,35.76,Latte
2024/10/17,2024/10/17 14:34,card,ANON-0000-0000-0776,25.96,Americano
2024/10/17,2024/10/17 16:37,card,ANON-0000-0000-0702,35.76,Hot Chocolate
2024/10/17,2024/10/17 16:38,card,ANON-0000-0000-0702,35.76,Hot Chocolate
2024/10/17,2024/10/17 16:39,card,ANON-0000-0000-0702,35.76,Latte
2024/10/17,2024/10/17 16:48,card,ANON-0000-0000-0777,35.76,Hot Chocolate
2024/10/17,2024/10/17 16:49,card,ANON-0000-0000-0777,35.76,Hot Chocolate
2024/10/17,2024/10/17 17:08,card,ANON-0000-0000-0258,35.76,Cappuccino
2024/10/17,2024/10/17 17:09,card,ANON-0000-0000-0258,35.76,Hot Chocolate
2024/10/17,2024/10/17 19:43,card,ANON-0000-0000-0507,35.76,Latte
2024/10/17,2024/10/17 20:11,card,ANON-0000-0000-0778,30.86,Americano with Milk
2024/10/17,2024/10/17 21:46,card,ANON-0000-0000-0779,35.76,Latte
2024/10/17,2024/10/17 21:47,card,ANON-0000-0000-0779,35.76,Latte
2024/10/17,2024/10/17 21:48,card,ANON-0000-0000-0779,35.76,Latte
2024/10/17,2024/10/17 21:49,card,ANON-0000-0000-0779,35.76,Hot Chocolate
2024/10/18,2024/10/18 8:41,card,ANON-0000-0000-0012,35.76,Cocoa
2024/10/18,2024/10/18 8:42,card,ANON-0000-0000-0054,35.76,Cocoa
2024/10/18,2024/10/18 9:32,card,ANON-0000-0000-0003,35.76,Cocoa
2024/10/18,2024/10/18 9:34,card,ANON-0000-0000-0003,35.76,Cocoa
2024/10/18,2024/10/18 9:55,card,ANON-0000-0000-0780,35.76,Cappuccino
2024/10/18,2024/10/18 11:54,card,ANON-0000-0000-0780,35.76,Cappuccino
2024/10/18,2024/10/18 14:51,card,ANON-0000-0000-0781,35.76,Latte
2024/10/18,2024/10/18 14:52,card,ANON-0000-0000-0781,35.76,Cappuccino
2024/10/18,2024/10/18 15:39,card,ANON-0000-0000-0683,25.96,Americano
2024/10/18,2024/10/18 16:09,card,ANON-0000-0000-0782,35.76,Latte
2024/10/18,2024/10/18 17:45,card,ANON-0000-0000-0783,35.76,Hot Chocolate
2024/10/18,2024/10/18 21:14,card,ANON-0000-0000-0012,35.76,Cocoa
2024/10/18,2024/10/18 21:15,card,ANON-0000-0000-0012,35.76,Cocoa
2024/10/18,2024/10/18 21:52,card,ANON-0000-0000-0784,30.86,Americano with Milk
2024/10/18,2024/10/18 22:03,card,ANON-0000-0000-0690,35.76,Latte
2024/10/19,2024/10/19 8:34,card,ANON-0000-0000-0785,30.86,Americano with Milk
2024/10/19,2024/10/19 13:22,card,ANON-0000-0000-0019,35.76,Latte
2024/10/19,2024/10/19 14:10,card,ANON-0000-0000-0355,35.76,Cappuccino
2024/10/19,2024/10/19 15:56,card,ANON-0000-0000-0507,35.76,Hot Chocolate
2024/10/19,2024/10/19 15:59,card,ANON-0000-0000-0507,35.76,Latte
2024/10/19,2024/10/19 16:02,card,ANON-0000-0000-0494,35.76,Latte
2024/10/19,2024/10/19 16:17,card,ANON-0000-0000-0696,35.76,Latte
2024/10/19,2024/10/19 21:46,card,ANON-0000-0000-0690,35.76,Cocoa
2024/10/19,2024/10/19 22:46,card,ANON-0000-0000-0786,35.76,Cappuccino
2024/10/20,2024/10/20 8:40,card,ANON-0000-0000-0570,35.76,Latte
2024/10/20,2024/10/20 8:41,card,ANON-0000-0000-0570,35.76,Cocoa
2024/10/20,2024/10/20 11:16,card,ANON-0000-0000-0787,35.76,Latte
2024/10/20,2024/10/20 14:28,card,ANON-0000-0000-0650,35.76,Hot Chocolate
2024/10/20,2024/10/20 14:29,card,ANON-0000-0000-0650,25.96,Cortado
2024/10/20,2024/10/20 15:52,card,ANON-0000-0000-0455,30.86,Americano with Milk
2024/10/20,2024/10/20 16:45,card,ANON-0000-0000-0788,35.76,Latte
2024/10/20,2024/10/20 16:46,card,ANON-0000-0000-0788,35.76,Latte
2024/10/20,2024/10/20 17:27,card,ANON-0000-0000-0507,35.76,Latte
2024/10/20,2024/10/20 18:34,card,ANON-0000-0000-0012,35.76,Cocoa
2024/10/20,2024/10/20 18:35,card,ANON-0000-0000-0012,35.76,Cocoa
2024/10/20,2024/10/20 21:14,card,ANON-0000-0000-0789,35.76,Hot Chocolate
2024/10/20,2024/10/20 21:15,card,ANON-0000-0000-0790,25.96,Cortado
2024/10/20,2024/10/20 21:17,card,ANON-0000-0000-0791,35.76,Cocoa
2024/10/20,2024/10/20 21:25,card,ANON-0000-0000-0792,35.76,Latte
2024/10/20,2024/10/20 22:17,card,ANON-0000-0000-0550,35.76,Cappuccino
2024/10/21,2024/10/21 7:48,card,ANON-0000-0000-0696,35.76,Latte
2024/10/21,2024/10/21 8:19,card,ANON-0000-0000-0097,35.76,Latte
2024/10/21,2024/10/21 9:04,card,ANON-0000-0000-0385,30.86,Americano with Milk
2024/10/21,2024/10/21 9:34,card,ANON-0000-0000-0793,35.76,Latte
2024/10/21,2024/10/21 10:25,card,ANON-0000-0000-0700,25.96,Americano
2024/10/21,2024/10/21 10:41,card,ANON-0000-0000-0141,25.96,Cortado
2024/10/21,2024/10/21 10:42,card,ANON-0000-0000-0141,25.96,Cortado
2024/10/21,2024/10/21 11:27,card,ANON-0000-0000-0274,21.06,Espresso
2024/10/21,2024/10/21 12:40,card,ANON-0000-0000-0751,35.76,Cappuccino
2024/10/21,2024/10/21 14:42,card,ANON-0000-0000-0794,35.76,Latte
2024/10/21,2024/10/21 14:43,card,ANON-0000-0000-0726,35.76,Latte
2024/10/21,2024/10/21 15:27,card,ANON-0000-0000-0795,30.86,Americano with Milk
2024/10/21,2024/10/21 15:39,card,ANON-0000-0000-0796,25.96,Cortado
2024/10/21,2024/10/21 16:42,card,ANON-0000-0000-0225,35.76,Cocoa
2024/10/21,2024/10/21 16:55,card,ANON-0000-0000-0797,35.76,Latte
2024/10/21,2024/10/21 19:21,card,ANON-0000-0000-0798,35.76,Hot Chocolate
2024/10/21,2024/10/21 21:05,card,ANON-0000-0000-0799,35.76,Latte
2024/10/21,2024/10/21 22:30,card,ANON-0000-0000-0789,35.76,Cocoa
2024/10/21,2024/10/21 22:31,card,ANON-0000-0000-0791,35.76,Hot Chocolate
2024/10/22,2024/10/22 7:33,card,ANON-0000-0000-0696,35.76,Latte
2024/10/22,2024/10/22 7:34,card,ANON-0000-0000-0696,35.76,Cappuccino
2024/10/22,2024/10/22 8:25,card,ANON-0000-0000-0276,30.86,Americano with Milk
2024/10/22,2024/10/22 9:17,card,ANON-0000-0000-0800,25.96,Cortado
2024/10/22,2024/10/22 10:51,card,ANON-0000-0000-0402,21.06,Espresso
2024/10/22,2024/10/22 10:52,card,ANON-0000-0000-0402,25.96,Cortado
2024/10/22,2024/10/22 18:07,card,ANON-0000-0000-0801,25.96,Americano
2024/10/22,2024/10/22 19:46,card,ANON-0000-0000-0507,35.76,Hot Chocolate
2024/10/22,2024/10/22 19:47,card,ANON-0000-0000-0507,35.76,Latte
2024/10/23,2024/10/23 7:58,card,ANON-0000-0000-0696,35.76,Latte
2024/10/23,2024/10/23 8:45,card,ANON-0000-0000-0276,30.86,Americano with Milk
2024/10/23,2024/10/23 10:24,card,ANON-0000-0000-0141,25.96,Cortado
2024/10/23,2024/10/23 12:31,card,ANON-0000-0000-0802,30.86,Americano with Milk
2024/10/23,2024/10/23 16:20,card,ANON-0000-0000-0803,30.86,Americano with Milk
2024/10/23,2024/10/23 16:21,card,ANON-0000-0000-0803,30.86,Americano with Milk
2024/10/23,2024/10/23 16:42,card,ANON-0000-0000-0804,35.76,Cappuccino
2024/10/23,2024/10/23 17:02,card,ANON-0000-0000-0805,21.06,Espresso
2024/10/23,2024/10/23 18:58,card,ANON-0000-0000-0040,35.76,Cocoa
2024/10/23,2024/10/23 19:00,card,ANON-0000-0000-0040,35.76,Cappuccino
2024/10/23,2024/10/23 21:57,card,ANON-0000-0000-0518,30.86,Americano with Milk
2024/10/23,2024/10/23 21:58,card,ANON-0000-0000-0806,35.76,Hot Chocolate
2024/10/23,2024/10/23 22:23,card,ANON-0000-0000-0807,35.76,Latte
2024/10/24,2024/10/24 12:07,card,ANON-0000-0000-0808,25.96,Americano
2024/10/24,2024/10/24 13:24,card,ANON-0000-0000-0809,35.76,Cappuccino
2024/10/24,2024/10/24 14:09,card,ANON-0000-0000-0804,35.76,Cappuccino
2024/10/24,2024/10/24 14:49,card,ANON-0000-0000-0810,35.76,Hot Chocolate
2024/10/24,2024/10/24 14:49,card,ANON-0000-0000-0810,35.76,Latte
2024/10/24,2024/10/24 15:47,card,ANON-0000-0000-0788,35.76,Latte
2024/10/24,2024/10/24 15:48,card,ANON-0000-0000-0788,35.76,Latte
2024/10/24,2024/10/24 18:53,card,ANON-0000-0000-0811,25.96,Americano
2024/10/24,2024/10/24 18:55,card,ANON-0000-0000-0811,25.96,Americano
2024/10/24,2024/10/24 19:50,card,ANON-0000-0000-0507,35.76,Latte
2024/10/24,2024/10/24 20:44,card,ANON-0000-0000-0812,25.96,Americano
2024/10/24,2024/10/24 21:14,card,ANON-0000-0000-0813,35.76,Hot Chocolate
2024/10/24,2024/10/24 21:15,card,ANON-0000-0000-0813,35.76,Hot Chocolate
2024/10/24,2024/10/24 21:56,card,ANON-0000-0000-0637,35.76,Hot Chocolate
2024/10/24,2024/10/24 21:57,card,ANON-0000-0000-0637,35.76,Cappuccino
2024/10/25,2024/10/25 7:38,card,ANON-0000-0000-0696,35.76,Cappuccino
2024/10/25,2024/10/25 7:45,card,ANON-0000-0000-0402,21.06,Espresso
2024/10/25,2024/10/25 8:10,card,ANON-0000-0000-0570,35.76,Cocoa
2024/10/25,2024/10/25 8:10,card,ANON-0000-0000-0570,35.76,Latte
2024/10/25,2024/10/25 8:18,card,ANON-0000-0000-0084,35.76,Cocoa
2024/10/25,2024/10/25 10:03,card,ANON-0000-0000-0683,25.96,Americano
2024/10/25,2024/10/25 10:05,card,ANON-0000-0000-0683,25.96,Americano
2024/10/25,2024/10/25 10:51,card,ANON-0000-0000-0276,30.86,Americano with Milk
2024/10/25,2024/10/25 11:49,card,ANON-0000-0000-0012,35.76,Cocoa
2024/10/25,2024/10/25 11:50,card,ANON-0000-0000-0012,35.76,Cocoa
2024/10/25,2024/10/25 12:06,card,ANON-0000-0000-0141,25.96,Cortado
2024/10/25,2024/10/25 12:40,card,ANON-0000-0000-0814,35.76,Latte
2024/10/25,2024/10/25 14:23,card,ANON-0000-0000-0137,35.76,Cappuccino
2024/10/25,2024/10/25 22:19,card,ANON-0000-0000-0815,35.76,Hot Chocolate
2024/10/25,2024/10/25 22:22,card,ANON-0000-0000-0815,21.06,Espresso
2024/10/26,2024/10/26 7:49,card,ANON-0000-0000-0682,35.76,Cappuccino
2024/10/26,2024/10/26 8:41,card,ANON-0000-0000-0141,25.96,Cortado
2024/10/26,2024/10/26 8:53,card,ANON-0000-0000-0334,35.76,Cappuccino
2024/10/26,2024/10/26 10:24,card,ANON-0000-0000-0816,25.96,Americano
2024/10/26,2024/10/26 12:18,card,ANON-0000-0000-0040,35.76,Cocoa
2024/10/26,2024/10/26 13:03,card,ANON-0000-0000-0817,35.76,Latte
2024/10/26,2024/10/26 14:34,card,ANON-0000-0000-0276,35.76,Latte
2024/10/26,2024/10/26 14:36,card,ANON-0000-0000-0276,30.86,Americano with Milk
2024/10/26,2024/10/26 15:05,card,ANON-0000-0000-0141,25.96,Cortado
2024/10/26,2024/10/26 15:06,card,ANON-0000-0000-0141,25.96,Cortado
2024/10/26,2024/10/26 15:38,card,ANON-0000-0000-0818,35.76,Latte
2024/10/26,2024/10/26 15:39,card,ANON-0000-0000-0818,35.76,Latte
2024/10/26,2024/10/26 15:52,card,ANON-0000-0000-0819,30.86,Americano with Milk
2024/10/26,2024/10/26 15:53,card,ANON-0000-0000-0820,30.86,Americano with Milk
2024/10/26,2024/10/26 19:19,card,ANON-0000-0000-0715,35.76,Cappuccino
2024/10/26,2024/10/26 20:34,card,ANON-0000-0000-0821,30.86,Americano with Milk
2024/10/27,2024/10/27 11:01,card,ANON-0000-0000-0347,30.86,Americano with Milk
2024/10/27,2024/10/27 12:53,card,ANON-0000-0000-0276,35.76,Latte
2024/10/27,2024/10/27 12:54,card,ANON-0000-0000-0276,30.86,Americano with Milk
2024/10/27,2024/10/27 13:43,card,ANON-0000-0000-0822,35.76,Cappuccino
2024/10/27,2024/10/27 16:17,card,ANON-0000-0000-0507,35.76,Latte
2024/10/28,2024/10/28 7:46,card,ANON-0000-0000-0696,35.76,Cappuccino
2024/10/28,2024/10/28 8:01,card,ANON-0000-0000-0823,25.96,Americano
2024/10/28,2024/10/28 8:35,card,ANON-0000-0000-0683,35.76,Latte
2024/10/28,2024/10/28 9:15,card,ANON-0000-0000-0242,30.86,Americano with Milk
2024/10/28,2024/10/28 11:42,card,ANON-0000-0000-0824,35.76,Latte
2024/10/28,2024/10/28 11:43,card,ANON-0000-0000-0824,35.76,Latte
2024/10/28,2024/10/28 12:01,card,ANON-0000-0000-0707,35.76,Hot Chocolate
2024/10/28,2024/10/28 12:02,card,ANON-0000-0000-0825,30.86,Americano with Milk
2024/10/28,2024/10/28 12:21,card,ANON-0000-0000-0826,35.76,Cappuccino
2024/10/28,2024/10/28 14:10,card,ANON-0000-0000-0819,30.86,Americano with Milk
2024/10/28,2024/10/28 14:11,card,ANON-0000-0000-0819,30.86,Americano with Milk
2024/10/28,2024/10/28 14:31,card,ANON-0000-0000-0827,30.86,Americano with Milk
2024/10/28,2024/10/28 16:01,card,ANON-0000-0000-0159,35.76,Latte
2024/10/28,2024/10/28 17:55,card,ANON-0000-0000-0828,35.76,Cocoa
2024/10/28,2024/10/28 17:56,card,ANON-0000-0000-0828,35.76,Cocoa
2024/10/28,2024/10/28 19:10,card,ANON-0000-0000-0257,35.76,Cappuccino
2024/10/28,2024/10/28 21:20,card,ANON-0000-0000-0329,30.86,Americano with Milk
2024/10/28,2024/10/28 22:05,card,ANON-0000-0000-0695,30.86,Americano with Milk
2024/10/29,2024/10/29 8:40,card,ANON-0000-0000-0804,35.76,Latte
2024/10/29,2024/10/29 8:47,card,ANON-0000-0000-0683,35.76,Latte
2024/10/29,2024/10/29 9:31,card,ANON-0000-0000-0570,35.76,Latte
2024/10/29,2024/10/29 11:59,card,ANON-0000-0000-0829,30.86,Americano with Milk
2024/10/29,2024/10/29 12:21,card,ANON-0000-0000-0830,21.06,Espresso
2024/10/29,2024/10/29 14:15,card,ANON-0000-0000-0831,25.96,Cortado
2024/10/29,2024/10/29 14:17,card,ANON-0000-0000-0831,25.96,Cortado
2024/10/29,2024/10/29 14:37,card,ANON-0000-0000-0832,35.76,Cappuccino
2024/10/29,2024/10/29 16:09,card,ANON-0000-0000-0833,35.76,Hot Chocolate
2024/10/29,2024/10/29 16:10,card,ANON-0000-0000-0834,35.76,Cocoa
2024/10/29,2024/10/29 16:17,card,ANON-0000-0000-0225,35.76,Cocoa
2024/10/29,2024/10/29 18:02,card,ANON-0000-0000-0835,30.86,Americano with Milk
2024/10/29,2024/10/29 18:02,card,ANON-0000-0000-0835,30.86,Americano with Milk
2024/10/29,2024/10/29 19:02,card,ANON-0000-0000-0836,30.86,Americano with Milk
2024/10/29,2024/10/29 19:05,card,ANON-0000-0000-0206,35.76,Cappuccino
2024/10/29,2024/10/29 19:51,card,ANON-0000-0000-0507,35.76,Hot Chocolate
2024/10/29,2024/10/29 19:54,card,ANON-0000-0000-0507,35.76,Latte
2024/10/29,2024/10/29 20:07,card,ANON-0000-0000-0799,35.76,Latte
2024/10/30,2024/10/30 7:52,card,ANON-0000-0000-0703,35.76,Latte
2024/10/30,2024/10/30 8:46,card,ANON-0000-0000-0571,30.86,Americano with Milk
2024/10/30,2024/10/30 8:47,card,ANON-0000-0000-0571,30.86,Americano with Milk
2024/10/30,2024/10/30 9:11,card,ANON-0000-0000-0837,35.76,Latte
2024/10/30,2024/10/30 10:31,card,ANON-0000-0000-0838,35.76,Latte
2024/10/30,2024/10/30 10:33,card,ANON-0000-0000-0838,35.76,Latte
2024/10/30,2024/10/30 12:08,card,ANON-0000-0000-0375,35.76,Latte
2024/10/30,2024/10/30 12:09,card,ANON-0000-0000-0375,25.96,Americano
2024/10/30,2024/10/30 12:10,card,ANON-0000-0000-0734,30.86,Americano with Milk
2024/10/30,2024/10/30 12:37,card,ANON-0000-0000-0839,25.96,Americano
2024/10/30,2024/10/30 15:05,card,ANON-0000-0000-0507,35.76,Latte
2024/10/30,2024/10/30 15:07,card,ANON-0000-0000-0507,35.76,Latte
2024/10/30,2024/10/30 16:04,card,ANON-0000-0000-0840,30.86,Americano with Milk
2024/10/30,2024/10/30 18:08,card,ANON-0000-0000-0841,35.76,Hot Chocolate
2024/10/30,2024/10/30 19:18,card,ANON-0000-0000-0819,30.86,Americano with Milk
2024/10/30,2024/10/30 19:43,card,ANON-0000-0000-0842,30.86,Americano with Milk
2024/10/31,2024/10/31 7:54,card,ANON-0000-0000-0703,35.76,Latte
2024/10/31,2024/10/31 8:38,card,ANON-0000-0000-0683,35.76,Latte
2024/10/31,2024/10/31 9:18,card,ANON-0000-0000-0276,30.86,Americano with Milk
2024/10/31,2024/10/31 15:59,card,ANON-0000-0000-0843,35.76,Latte
2024/10/31,2024/10/31 16:00,card,ANON-0000-0000-0844,30.86,Americano with Milk
2024/11/1,2024/11/1 8:24,card,ANON-0000-0000-0842,35.76,Cocoa
2024/11/1,2024/11/1 8:30,card,ANON-0000-0000-0304,25.96,Americano
2024/11/1,2024/11/1 10:54,card,ANON-0000-0000-0612,35.76,Latte
2024/11/1,2024/11/1 12:41,card,ANON-0000-0000-0012,35.76,Cocoa
2024/11/1,2024/11/1 12:42,card,ANON-0000-0000-0012,35.76,Cocoa
2024/11/1,2024/11/1 15:55,card,ANON-0000-0000-0845,25.96,Cortado
2024/11/1,2024/11/1 22:41,card,ANON-0000-0000-0695,30.86,Americano with Milk
2024/11/2,2024/11/2 8:19,card,ANON-0000-0000-0141,25.96,Cortado
2024/11/2,2024/11/2 10:25,card,ANON-0000-0000-0828,35.76,Cocoa
2024/11/2,2024/11/2 10:33,card,ANON-0000-0000-0097,30.86,Americano with Milk
2024/11/2,2024/11/2 14:54,card,ANON-0000-0000-0846,30.86,Americano with Milk
2024/11/2,2024/11/2 16:24,card,ANON-0000-0000-0507,35.76,Hot Chocolate
2024/11/2,2024/11/2 16:25,card,ANON-0000-0000-0507,35.76,Latte
2024/11/2,2024/11/2 16:37,card,ANON-0000-0000-0847,35.76,Latte
2024/11/2,2024/11/2 18:18,card,ANON-0000-0000-0620,30.86,Americano with Milk
2024/11/2,2024/11/2 18:58,card,ANON-0000-0000-0848,25.96,Americano
2024/11/3,2024/11/3 8:23,card,ANON-0000-0000-0141,25.96,Cortado
2024/11/3,2024/11/3 9:47,card,ANON-0000-0000-0040,30.86,Americano with Milk
2024/11/3,2024/11/3 9:48,card,ANON-0000-0000-0040,30.86,Americano with Milk
2024/11/3,2024/11/3 13:13,card,ANON-0000-0000-0849,35.76,Latte
2024/11/3,2024/11/3 13:14,card,ANON-0000-0000-0849,30.86,Americano with Milk
2024/11/3,2024/11/3 13:18,card,ANON-0000-0000-0228,35.76,Cocoa
2024/11/3,2024/11/3 13:44,card,ANON-0000-0000-0850,25.96,Americano
2024/11/3,2024/11/3 13:59,card,ANON-0000-0000-0851,30.86,Americano with Milk
2024/11/3,2024/11/3 16:15,card,ANON-0000-0000-0622,35.76,Hot Chocolate
2024/11/3,2024/11/3 16:16,card,ANON-0000-0000-0622,35.76,Hot Chocolate
2024/11/3,2024/11/3 16:20,card,ANON-0000-0000-0852,25.96,Americano
2024/11/3,2024/11/3 16:21,card,ANON-0000-0000-0852,25.96,Americano
2024/11/3,2024/11/3 20:26,card,ANON-0000-0000-0225,35.76,Cocoa
2024/11/4,2024/11/4 7:43,card,ANON-0000-0000-0696,35.76,Latte
2024/11/4,2024/11/4 8:37,card,ANON-0000-0000-0276,35.76,Latte
2024/11/4,2024/11/4 8:38,card,ANON-0000-0000-0276,30.86,Americano with Milk
2024/11/4,2024/11/4 12:33,card,ANON-0000-0000-0853,25.96,Americano
2024/11/4,2024/11/4 12:35,card,ANON-0000-0000-0854,30.86,Americano with Milk
2024/11/4,2024/11/4 14:44,card,ANON-0000-0000-0012,35.76,Cocoa
2024/11/4,2024/11/4 14:45,card,ANON-0000-0000-0012,35.76,Cocoa
2024/11/5,2024/11/5 7:49,card,ANON-0000-0000-0696,35.76,Cocoa
2024/11/5,2024/11/5 9:05,card,ANON-0000-0000-0276,30.86,Americano with Milk
2024/11/5,2024/11/5 9:12,card,ANON-0000-0000-0731,35.76,Cappuccino
2024/11/5,2024/11/5 9:13,card,ANON-0000-0000-0731,30.86,Americano with Milk
2024/11/5,2024/11/5 10:41,card,ANON-0000-0000-0012,30.86,Americano with Milk
2024/11/5,2024/11/5 11:47,card,ANON-0000-0000-0855,35.76,Cocoa
2024/11/5,2024/11/5 11:48,card,ANON-0000-0000-0856,35.76,Latte
2024/11/5,2024/11/5 14:36,card,ANON-0000-0000-0857,35.76,Latte
2024/11/5,2024/11/5 14:41,card,ANON-0000-0000-0858,35.76,Latte
2024/11/5,2024/11/5 18:52,card,ANON-0000-0000-0455,35.76,Cappuccino
2024/11/5,2024/11/5 18:54,card,ANON-0000-0000-0455,35.76,Cappuccino
2024/11/5,2024/11/5 18:55,card,ANON-0000-0000-0455,35.76,Cappuccino
2024/11/5,2024/11/5 21:40,card,ANON-0000-0000-0859,35.76,Cocoa
2024/11/5,2024/11/5 21:42,card,ANON-0000-0000-0859,35.76,Cocoa
2024/11/5,2024/11/5 21:54,card,ANON-0000-0000-0722,35.76,Hot Chocolate
2024/11/5,2024/11/5 22:05,card,ANON-0000-0000-0637,35.76,Hot Chocolate
2024/11/5,2024/11/5 22:06,card,ANON-0000-0000-0637,30.86,Americano with Milk
2024/11/6,2024/11/6 8:11,card,ANON-0000-0000-0570,35.76,Latte
2024/11/6,2024/11/6 11:45,card,ANON-0000-0000-0860,21.06,Espresso
2024/11/6,2024/11/6 13:15,card,ANON-0000-0000-0742,25.96,Americano
2024/11/6,2024/11/6 15:44,card,ANON-0000-0000-0622,35.76,Cappuccino
2024/11/6,2024/11/6 16:00,card,ANON-0000-0000-0861,35.76,Latte
2024/11/6,2024/11/6 16:02,card,ANON-0000-0000-0862,35.76,Cappuccino
2024/11/6,2024/11/6 18:40,card,ANON-0000-0000-0863,35.76,Hot Chocolate
2024/11/6,2024/11/6 18:41,card,ANON-0000-0000-0863,35.76,Hot Chocolate
2024/11/7,2024/11/7 12:17,card,ANON-0000-0000-0864,35.76,Latte
2024/11/7,2024/11/7 15:50,card,ANON-0000-0000-0865,25.96,Americano
2024/11/7,2024/11/7 16:39,card,ANON-0000-0000-0866,25.96,Americano
2024/11/7,2024/11/7 18:17,card,ANON-0000-0000-0828,35.76,Cocoa
2024/11/7,2024/11/7 19:20,card,ANON-0000-0000-0867,35.76,Hot Chocolate
2024/11/7,2024/11/7 19:21,card,ANON-0000-0000-0867,35.76,Latte
2024/11/7,2024/11/7 20:02,card,ANON-0000-0000-0507,35.76,Latte
2024/11/8,2024/11/8 9:05,card,ANON-0000-0000-0276,30.86,Americano with Milk
2024/11/8,2024/11/8 9:47,card,ANON-0000-0000-0375,25.96,Americano
2024/11/8,2024/11/8 9:49,card,ANON-0000-0000-0375,25.96,Americano
2024/11/8,2024/11/8 11:47,card,ANON-0000-0000-0494,35.76,Cappuccino
2024/11/8,2024/11/8 13:25,card,ANON-0000-0000-0868,35.76,Latte
2024/11/8,2024/11/8 13:26,card,ANON-0000-0000-0868,35.76,Latte
2024/11/8,2024/11/8 16:33,card,ANON-0000-0000-0869,30.86,Americano with Milk
2024/11/8,2024/11/8 16:55,card,ANON-0000-0000-0870,30.86,Americano with Milk
2024/11/8,2024/11/8 20:13,card,ANON-0000-0000-0871,35.76,Hot Chocolate
2024/11/8,2024/11/8 20:14,card,ANON-0000-0000-0872,35.76,Hot Chocolate
2024/11/8,2024/11/8 20:15,card,ANON-0000-0000-0872,35.76,Hot Chocolate
2024/11/8,2024/11/8 22:27,card,ANON-0000-0000-0690,35.76,Latte
2024/11/9,2024/11/9 10:08,card,ANON-0000-0000-0276,30.86,Americano with Milk
2024/11/9,2024/11/9 11:02,card,ANON-0000-0000-0141,25.96,Cortado
2024/11/9,2024/11/9 11:03,card,ANON-0000-0000-0141,25.96,Cortado
2024/11/9,2024/11/9 11:08,card,ANON-0000-0000-0873,35.76,Latte
2024/11/9,2024/11/9 13:50,card,ANON-0000-0000-0871,35.76,Hot Chocolate
2024/11/9,2024/11/9 13:50,card,ANON-0000-0000-0871,35.76,Hot Chocolate
2024/11/9,2024/11/9 14:21,card,ANON-0000-0000-0874,35.76,Hot Chocolate
2024/11/9,2024/11/9 14:22,card,ANON-0000-0000-0874,35.76,Hot Chocolate
2024/11/9,2024/11/9 14:37,card,ANON-0000-0000-0875,25.96,Americano
2024/11/9,2024/11/9 15:29,card,ANON-0000-0000-0276,30.86,Americano with Milk
2024/11/9,2024/11/9 16:15,card,ANON-0000-0000-0570,35.76,Latte
2024/11/9,2024/11/9 16:16,card,ANON-0000-0000-0570,35.76,Cocoa
2024/11/9,2024/11/9 20:42,card,ANON-0000-0000-0876,25.96,Americano
2024/11/9,2024/11/9 20:43,card,ANON-0000-0000-0876,35.76,Latte
2024/11/9,2024/11/9 22:13,card,ANON-0000-0000-0877,35.76,Cocoa
2024/11/9,2024/11/9 22:52,card,ANON-0000-0000-0878,25.96,Americano
2024/11/9,2024/11/9 22:54,card,ANON-0000-0000-0879,25.96,Americano
2024/11/10,2024/11/10 9:46,card,ANON-0000-0000-0880,25.96,Americano
2024/11/10,2024/11/10 17:52,card,ANON-0000-0000-0881,35.76,Cocoa
2024/11/10,2024/11/10 18:12,card,ANON-0000-0000-0882,35.76,Hot Chocolate
2024/11/10,2024/11/10 18:14,card,ANON-0000-0000-0883,35.76,Hot Chocolate
2024/11/10,2024/11/10 20:38,card,ANON-0000-0000-0884,35.76,Cappuccino
2024/11/10,2024/11/10 20:39,card,ANON-0000-0000-0884,35.76,Cappuccino
2024/11/11,2024/11/11 7:48,card,ANON-0000-0000-0696,35.76,Cappuccino
2024/11/11,2024/11/11 9:52,card,ANON-0000-0000-0276,30.86,Americano with Milk
2024/11/11,2024/11/11 10:19,card,ANON-0000-0000-0141,25.96,Cortado
2024/11/11,2024/11/11 16:18,card,ANON-0000-0000-0206,35.76,Cappuccino
2024/11/11,2024/11/11 16:19,card,ANON-0000-0000-0206,35.76,Hot Chocolate
2024/11/11,2024/11/11 17:33,card,ANON-0000-0000-0885,35.76,Cappuccino
2024/11/11,2024/11/11 19:00,card,ANON-0000-0000-0886,35.76,Latte
2024/11/11,2024/11/11 19:04,card,ANON-0000-0000-0887,35.76,Hot Chocolate
2024/11/11,2024/11/11 21:08,card,ANON-0000-0000-0888,35.76,Latte
2024/11/11,2024/11/11 21:09,card,ANON-0000-0000-0888,35.76,Latte
2024/11/12,2024/11/12 10:03,card,ANON-0000-0000-0889,35.76,Latte
2024/11/12,2024/11/12 13:15,card,ANON-0000-0000-0890,35.76,Latte
2024/11/12,2024/11/12 14:39,card,ANON-0000-0000-0691,35.76,Latte
2024/11/12,2024/11/12 16:47,card,ANON-0000-0000-0891,35.76,Hot Chocolate
2024/11/12,2024/11/12 16:48,card,ANON-0000-0000-0891,35.76,Hot Chocolate
2024/11/12,2024/11/12 16:49,card,ANON-0000-0000-0891,35.76,Cocoa
2024/11/12,2024/11/12 18:45,card,ANON-0000-0000-0696,35.76,Cappuccino
2024/11/12,2024/11/12 20:07,card,ANON-0000-0000-0892,35.76,Latte
2024/11/12,2024/11/12 20:09,card,ANON-0000-0000-0893,35.76,Cocoa
2024/11/13,2024/11/13 8:09,card,ANON-0000-0000-0894,30.86,Americano with Milk
2024/11/13,2024/11/13 10:37,card,ANON-0000-0000-0892,35.76,Latte
2024/11/13,2024/11/13 13:19,card,ANON-0000-0000-0895,30.86,Americano with Milk
2024/11/13,2024/11/13 13:20,card,ANON-0000-0000-0895,30.86,Americano with Milk
2024/11/13,2024/11/13 14:17,card,ANON-0000-0000-0896,30.86,Americano with Milk
2024/11/13,2024/11/13 14:46,card,ANON-0000-0000-0892,35.76,Latte
2024/11/14,2024/11/14 9:36,card,ANON-0000-0000-0892,35.76,Latte
2024/11/14,2024/11/14 10:06,card,ANON-0000-0000-0897,25.96,Americano
2024/11/14,2024/11/14 12:48,card,ANON-0000-0000-0898,21.06,Espresso
2024/11/14,2024/11/14 15:03,card,ANON-0000-0000-0899,35.76,Cappuccino
2024/11/14,2024/11/14 15:04,card,ANON-0000-0000-0900,35.76,Latte
2024/11/14,2024/11/14 15:05,card,ANON-0000-0000-0900,35.76,Cappuccino
2024/11/14,2024/11/14 16:13,card,ANON-0000-0000-0819,30.86,Americano with Milk
2024/11/14,2024/11/14 16:14,card,ANON-0000-0000-0819,35.76,Cappuccino
2024/11/14,2024/11/14 19:43,card,ANON-0000-0000-0507,35.76,Hot Chocolate
2024/11/14,2024/11/14 19:46,card,ANON-0000-0000-0507,35.76,Hot Chocolate
2024/11/14,2024/11/14 20:31,card,ANON-0000-0000-0877,35.76,Cocoa
2024/11/14,2024/11/14 20:32,card,ANON-0000-0000-0877,35.76,Hot Chocolate
2024/11/14,2024/11/14 21:24,card,ANON-0000-0000-0019,35.76,Latte
2024/11/14,2024/11/14 22:40,card,ANON-0000-0000-0901,35.76,Latte
2024/11/15,2024/11/15 8:45,card,ANON-0000-0000-0902,30.86,Americano with Milk
2024/11/15,2024/11/15 11:05,card,ANON-0000-0000-0769,30.86,Americano with Milk
2024/11/15,2024/11/15 12:09,card,ANON-0000-0000-0903,35.76,Cocoa
2024/11/15,2024/11/15 12:14,card,ANON-0000-0000-0904,35.76,Cocoa
2024/11/15,2024/11/15 13:57,card,ANON-0000-0000-0494,35.76,Latte
2024/11/15,2024/11/15 15:19,card,ANON-0000-0000-0905,25.96,Americano
2024/11/15,2024/11/15 17:35,card,ANON-0000-0000-0851,30.86,Americano with Milk
2024/11/15,2024/11/15 17:55,card,ANON-0000-0000-0906,35.76,Latte
2024/11/15,2024/11/15 18:12,card,ANON-0000-0000-0907,35.76,Hot Chocolate
2024/11/15,2024/11/15 18:42,card,ANON-0000-0000-0287,30.86,Americano with Milk
2024/11/15,2024/11/15 18:43,card,ANON-0000-0000-0287,30.86,Americano with Milk
2024/11/16,2024/11/16 10:21,card,ANON-0000-0000-0141,25.96,Cortado
2024/11/16,2024/11/16 10:45,card,ANON-0000-0000-0908,25.96,Cortado
2024/11/16,2024/11/16 11:02,card,ANON-0000-0000-0909,35.76,Hot Chocolate
2024/11/16,2024/11/16 11:03,card,ANON-0000-0000-0910,35.76,Latte
2024/11/16,2024/11/16 11:39,card,ANON-0000-0000-0302,25.96,Americano
2024/11/16,2024/11/16 12:30,card,ANON-0000-0000-0911,35.76,Cappuccino
2024/11/16,2024/11/16 12:31,card,ANON-0000-0000-0912,30.86,Americano with Milk
2024/11/16,2024/11/16 12:48,card,ANON-0000-0000-0913,35.76,Latte
2024/11/16,2024/11/16 12:49,card,ANON-0000-0000-0913,35.76,Latte
2024/11/16,2024/11/16 13:16,card,ANON-0000-0000-0819,30.86,Americano with Milk
2024/11/16,2024/11/16 13:18,card,ANON-0000-0000-0914,35.76,Latte
2024/11/16,2024/11/16 13:19,card,ANON-0000-0000-0914,35.76,Latte
2024/11/16,2024/11/16 14:25,card,ANON-0000-0000-0915,30.86,Americano with Milk
2024/11/17,2024/11/17 10:29,card,ANON-0000-0000-0916,30.86,Americano with Milk
2024/11/17,2024/11/17 13:35,card,ANON-0000-0000-0917,30.86,Americano with Milk
2024/11/17,2024/11/17 14:18,card,ANON-0000-0000-0918,25.96,Americano
2024/11/17,2024/11/17 14:33,card,ANON-0000-0000-0919,30.86,Americano with Milk
2024/11/17,2024/11/17 16:27,card,ANON-0000-0000-0920,35.76,Latte
2024/11/17,2024/11/17 16:28,card,ANON-0000-0000-0920,35.76,Latte
2024/11/17,2024/11/17 18:10,card,ANON-0000-0000-0921,35.76,Hot Chocolate
2024/11/17,2024/11/17 19:17,card,ANON-0000-0000-0922,35.76,Hot Chocolate
2024/11/17,2024/11/17 19:18,card,ANON-0000-0000-0922,35.76,Hot Chocolate
2024/11/18,2024/11/18 7:52,card,ANON-0000-0000-0769,30.86,Americano with Milk
2024/11/18,2024/11/18 7:53,card,ANON-0000-0000-0923,30.86,Americano with Milk
2024/11/18,2024/11/18 7:57,card,ANON-0000-0000-0570,35.76,Latte
2024/11/18,2024/11/18 16:44,card,ANON-0000-0000-0924,35.76,Latte
2024/11/18,2024/11/18 16:46,card,ANON-0000-0000-0906,35.76,Latte
2024/11/18,2024/11/18 18:50,card,ANON-0000-0000-0925,35.76,Latte
2024/11/19,2024/11/19 7:49,card,ANON-0000-0000-0696,35.76,Cocoa
2024/11/19,2024/11/19 7:51,card,ANON-0000-0000-0923,30.86,Americano with Milk
2024/11/19,2024/11/19 7:52,card,ANON-0000-0000-0923,35.76,Latte
2024/11/19,2024/11/19 7:53,card,ANON-0000-0000-0926,21.06,Espresso
2024/11/19,2024/11/19 7:54,card,ANON-0000-0000-0927,35.76,Latte
2024/11/19,2024/11/19 10:29,card,ANON-0000-0000-0276,30.86,Americano with Milk
2024/11/19,2024/11/19 11:07,card,ANON-0000-0000-0928,35.76,Latte
2024/11/19,2024/11/19 16:22,card,ANON-0000-0000-0012,35.76,Cocoa
2024/11/19,2024/11/19 16:23,card,ANON-0000-0000-0012,35.76,Cocoa
2024/11/19,2024/11/19 16:41,card,ANON-0000-0000-0206,35.76,Cappuccino
2024/11/19,2024/11/19 16:47,card,ANON-0000-0000-0929,35.76,Cappuccino
2024/11/20,2024/11/20 13:29,card,ANON-0000-0000-0930,30.86,Americano with Milk
2024/11/20,2024/11/20 16:34,card,ANON-0000-0000-0906,35.76,Latte
2024/11/20,2024/11/20 17:49,card,ANON-0000-0000-0931,35.76,Cappuccino
2024/11/20,2024/11/20 17:50,card,ANON-0000-0000-0931,35.76,Hot Chocolate
2024/11/21,2024/11/21 11:06,card,ANON-0000-0000-0141,25.96,Cortado
2024/11/21,2024/11/21 12:33,card,ANON-0000-0000-0906,35.76,Latte
2024/11/21,2024/11/21 12:59,card,ANON-0000-0000-0903,35.76,Cocoa
2024/11/21,2024/11/21 13:00,card,ANON-0000-0000-0932,35.76,Cocoa
2024/11/21,2024/11/21 16:14,card,ANON-0000-0000-0906,35.76,Latte
2024/11/21,2024/11/21 17:35,card,ANON-0000-0000-0933,30.86,Americano with Milk
2024/11/21,2024/11/21 17:39,card,ANON-0000-0000-0934,25.96,Cortado
2024/11/21,2024/11/21 19:01,card,ANON-0000-0000-0935,35.76,Hot Chocolate
2024/11/22,2024/11/22 7:50,card,ANON-0000-0000-0906,35.76,Latte
2024/11/22,2024/11/22 10:03,card,ANON-0000-0000-0696,35.76,Cappuccino
2024/11/22,2024/11/22 11:02,card,ANON-0000-0000-0936,35.76,Latte
2024/11/22,2024/11/22 11:24,card,ANON-0000-0000-0937,35.76,Cocoa
2024/11/22,2024/11/22 16:33,card,ANON-0000-0000-0938,35.76,Hot Chocolate
2024/11/22,2024/11/22 16:33,card,ANON-0000-0000-0938,35.76,Latte
2024/11/23,2024/11/23 9:10,card,ANON-0000-0000-0543,25.96,Cortado
2024/11/23,2024/11/23 9:11,card,ANON-0000-0000-0543,25.96,Cortado
2024/11/23,2024/11/23 10:05,card,ANON-0000-0000-0683,35.76,Latte
2024/11/23,2024/11/23 11:03,card,ANON-0000-0000-0172,35.76,Cappuccino
2024/11/23,2024/11/23 11:09,card,ANON-0000-0000-0939,25.96,Americano
2024/11/23,2024/11/23 11:10,card,ANON-0000-0000-0939,25.96,Americano
2024/11/23,2024/11/23 11:41,card,ANON-0000-0000-0494,35.76,Hot Chocolate
2024/11/23,2024/11/23 22:37,card,ANON-0000-0000-0940,35.76,Latte
2024/11/24,2024/11/24 8:17,card,ANON-0000-0000-0570,35.76,Latte
2024/11/25,2024/11/25 7:49,card,ANON-0000-0000-0696,35.76,Cappuccino
2024/11/25,2024/11/25 7:54,card,ANON-0000-0000-0941,35.76,Latte
2024/11/25,2024/11/25 9:12,card,ANON-0000-0000-0276,30.86,Americano with Milk
2024/11/25,2024/11/25 10:38,card,ANON-0000-0000-0141,25.96,Cortado
2024/11/25,2024/11/25 12:50,card,ANON-0000-0000-0942,35.76,Latte
2024/11/25,2024/11/25 12:52,card,ANON-0000-0000-0943,35.76,Latte
2024/11/25,2024/11/25 16:30,card,ANON-0000-0000-0871,35.76,Hot Chocolate
2024/11/25,2024/11/25 19:01,card,ANON-0000-0000-0944,30.86,Americano with Milk
2024/11/25,2024/11/25 19:37,card,ANON-0000-0000-0945,35.76,Hot Chocolate
2024/11/25,2024/11/25 21:42,card,ANON-0000-0000-0637,35.76,Hot Chocolate
2024/11/25,2024/11/25 21:43,card,ANON-0000-0000-0637,35.76,Cappuccino
2024/11/26,2024/11/26 7:54,card,ANON-0000-0000-0570,35.76,Latte
2024/11/26,2024/11/26 11:02,card,ANON-0000-0000-0903,35.76,Cocoa
2024/11/26,2024/11/26 11:03,card,ANON-0000-0000-0946,25.96,Americano
2024/11/26,2024/11/26 11:06,card,ANON-0000-0000-0947,35.76,Cocoa
2024/11/26,2024/11/26 11:07,card,ANON-0000-0000-0947,35.76,Cocoa
2024/11/26,2024/11/26 16:03,card,ANON-0000-0000-0948,35.76,Latte
2024/11/26,2024/11/26 16:05,card,ANON-0000-0000-0949,35.76,Latte
2024/11/26,2024/11/26 17:11,card,ANON-0000-0000-0950,25.96,Americano
2024/11/26,2024/11/26 17:12,card,ANON-0000-0000-0950,30.86,Americano with Milk
2024/11/26,2024/11/26 19:47,card,ANON-0000-0000-0951,35.76,Cocoa
2024/11/28,2024/11/28 8:41,card,ANON-0000-0000-0952,35.76,Cappuccino
2024/11/28,2024/11/28 9:14,card,ANON-0000-0000-0276,30.86,Americano with Milk
2024/11/28,2024/11/28 20:24,card,ANON-0000-0000-0012,30.86,Americano with Milk
2024/11/28,2024/11/28 20:25,card,ANON-0000-0000-0019,35.76,Latte
2024/11/28,2024/11/28 20:55,card,ANON-0000-0000-0507,35.76,Latte
2024/11/28,2024/11/28 22:00,card,ANON-0000-0000-0748,35.76,Cappuccino
2024/11/29,2024/11/29 7:53,card,ANON-0000-0000-0696,35.76,Cocoa
2024/11/29,2024/11/29 7:57,card,ANON-0000-0000-0570,35.76,Latte
2024/11/29,2024/11/29 9:07,card,ANON-0000-0000-0385,30.86,Americano with Milk
2024/11/29,2024/11/29 9:08,card,ANON-0000-0000-0385,30.86,Americano with Milk
2024/11/29,2024/11/29 15:18,card,ANON-0000-0000-0953,30.86,Americano with Milk
2024/11/29,2024/11/29 15:19,card,ANON-0000-0000-0954,35.76,Latte
2024/11/29,2024/11/29 20:57,card,ANON-0000-0000-0955,35.76,Cocoa
2024/11/30,2024/11/30 12:58,card,ANON-0000-0000-0570,35.76,Cocoa
2024/11/30,2024/11/30 14:04,card,ANON-0000-0000-0956,25.96,Americano
2024/11/30,2024/11/30 14:05,card,ANON-0000-0000-0956,35.76,Hot Chocolate
2024/11/30,2024/11/30 14:16,card,ANON-0000-0000-0494,35.76,Cocoa
2024/11/30,2024/11/30 15:33,card,ANON-0000-0000-0097,30.86,Americano with Milk
2024/11/30,2024/11/30 22:03,card,ANON-0000-0000-0957,30.86,Americano with Milk
2024/12/1,2024/12/1 10:15,card,ANON-0000-0000-0040,30.86,Americano with Milk
2024/12/1,2024/12/1 10:16,card,ANON-0000-0000-0040,30.86,Americano with Milk
2024/12/1,2024/12/1 10:22,card,ANON-0000-0000-0385,30.86,Americano with Milk
2024/12/1,2024/12/1 14:34,card,ANON-0000-0000-0958,30.86,Americano with Milk
2024/12/1,2024/12/1 15:09,card,ANON-0000-0000-0959,35.76,Cocoa
2024/12/1,2024/12/1 15:09,card,ANON-0000-0000-0959,35.76,Cocoa
2024/12/1,2024/12/1 15:43,card,ANON-0000-0000-0960,35.76,Cappuccino
2024/12/1,2024/12/1 15:56,card,ANON-0000-0000-0961,35.76,Latte
2024/12/1,2024/12/1 15:57,card,ANON-0000-0000-0962,35.76,Latte
2024/12/1,2024/12/1 16:32,card,ANON-0000-0000-0963,35.76,Latte
2024/12/1,2024/12/1 16:34,card,ANON-0000-0000-0964,35.76,Latte
2024/12/1,2024/12/1 17:10,card,ANON-0000-0000-0965,30.86,Americano with Milk
2024/12/1,2024/12/1 17:11,card,ANON-0000-0000-0965,30.86,Americano with Milk
2024/12/1,2024/12/1 18:38,card,ANON-0000-0000-0966,30.86,Americano with Milk
2024/12/2,2024/12/2 7:50,card,ANON-0000-0000-0696,35.76,Latte
2024/12/2,2024/12/2 7:51,card,ANON-0000-0000-0967,25.96,Americano
2024/12/2,2024/12/2 8:21,card,ANON-0000-0000-0276,30.86,Americano with Milk
2024/12/2,2024/12/2 8:53,card,ANON-0000-0000-0968,35.76,Cocoa
2024/12/2,2024/12/2 11:04,card,ANON-0000-0000-0141,25.96,Cortado
2024/12/2,2024/12/2 15:28,card,ANON-0000-0000-0969,21.06,Espresso
2024/12/2,2024/12/2 16:12,card,ANON-0000-0000-0970,35.76,Cappuccino
2024/12/2,2024/12/2 17:34,card,ANON-0000-0000-0971,25.96,Americano
2024/12/2,2024/12/2 18:00,card,ANON-0000-0000-0972,35.76,Cappuccino
2024/12/3,2024/12/3 8:11,card,ANON-0000-0000-0570,35.76,Latte
2024/12/3,2024/12/3 9:23,card,ANON-0000-0000-0276,30.86,Americano with Milk
2024/12/3,2024/12/3 9:24,card,ANON-0000-0000-0276,30.86,Americano with Milk
2024/12/3,2024/12/3 11:17,card,ANON-0000-0000-0973,25.96,Americano
2024/12/3,2024/12/3 11:42,card,ANON-0000-0000-0974,30.86,Americano with Milk
2024/12/3,2024/12/3 11:43,card,ANON-0000-0000-0819,30.86,Americano with Milk
2024/12/3,2024/12/3 11:45,card,ANON-0000-0000-0819,30.86,Americano with Milk
2024/12/3,2024/12/3 20:50,card,ANON-0000-0000-0975,35.76,Cocoa
2024/12/3,2024/12/3 21:33,card,ANON-0000-0000-0685,35.76,Latte
2024/12/3,2024/12/3 21:34,card,ANON-0000-0000-0685,35.76,Cappuccino
2024/12/3,2024/12/3 21:35,card,ANON-0000-0000-0685,35.76,Hot Chocolate
2024/12/3,2024/12/3 22:19,card,ANON-0000-0000-0976,30.86,Americano with Milk
2024/12/3,2024/12/3 22:21,card,ANON-0000-0000-0206,35.76,Cappuccino
2024/12/4,2024/12/4 8:32,card,ANON-0000-0000-0141,25.96,Cortado
2024/12/4,2024/12/4 8:50,card,ANON-0000-0000-0977,35.76,Latte
2024/12/4,2024/12/4 8:52,card,ANON-0000-0000-0978,35.76,Latte
2024/12/4,2024/12/4 9:04,card,ANON-0000-0000-0979,25.96,Americano
2024/12/4,2024/12/4 10:23,card,ANON-0000-0000-0276,30.86,Americano with Milk
2024/12/4,2024/12/4 10:24,card,ANON-0000-0000-0276,30.86,Americano with Milk
2024/12/4,2024/12/4 10:26,card,ANON-0000-0000-0980,30.86,Americano with Milk
2024/12/4,2024/12/4 10:29,card,ANON-0000-0000-0783,35.76,Hot Chocolate
2024/12/4,2024/12/4 11:45,card,ANON-0000-0000-0981,30.86,Americano with Milk
2024/12/4,2024/12/4 14:33,card,ANON-0000-0000-0982,35.76,Hot Chocolate
2024/12/5,2024/12/5 8:53,card,ANON-0000-0000-0983,25.96,Americano
2024/12/5,2024/12/5 9:20,card,ANON-0000-0000-0141,25.96,Cortado
2024/12/5,2024/12/5 10:02,card,ANON-0000-0000-0276,30.86,Americano with Milk
2024/12/5,2024/12/5 10:05,card,ANON-0000-0000-0276,30.86,Americano with Milk
2024/12/5,2024/12/5 11:31,card,ANON-0000-0000-0579,35.76,Latte
2024/12/5,2024/12/5 11:50,card,ANON-0000-0000-0984,25.96,Americano
2024/12/5,2024/12/5 14:30,card,ANON-0000-0000-0985,35.76,Cappuccino
2024/12/5,2024/12/5 15:21,card,ANON-0000-0000-0906,35.76,Latte
2024/12/5,2024/12/5 16:02,card,ANON-0000-0000-0771,35.76,Latte
2024/12/6,2024/12/6 11:42,card,ANON-0000-0000-0906,35.76,Latte
2024/12/6,2024/12/6 16:31,card,ANON-0000-0000-0938,35.76,Hot Chocolate
2024/12/6,2024/12/6 22:30,card,ANON-0000-0000-0731,35.76,Latte
2024/12/6,2024/12/6 22:31,card,ANON-0000-0000-0731,35.76,Hot Chocolate
2024/12/7,2024/12/7 11:17,card,ANON-0000-0000-0986,30.86,Americano with Milk
2024/12/7,2024/12/7 14:16,card,ANON-0000-0000-0987,25.96,Americano
2024/12/7,2024/12/7 15:44,card,ANON-0000-0000-0409,35.76,Latte
2024/12/7,2024/12/7 19:11,card,ANON-0000-0000-0206,35.76,Cappuccino
2024/12/7,2024/12/7 22:00,card,ANON-0000-0000-0988,30.86,Americano with Milk
2024/12/7,2024/12/7 22:28,card,ANON-0000-0000-0989,25.96,Americano
2024/12/8,2024/12/8 8:29,card,ANON-0000-0000-0141,25.96,Cortado
2024/12/8,2024/12/8 10:42,card,ANON-0000-0000-0787,35.76,Latte
2024/12/8,2024/12/8 10:43,card,ANON-0000-0000-0787,35.76,Cappuccino
2024/12/8,2024/12/8 12:51,card,ANON-0000-0000-0990,25.96,Cortado
2024/12/8,2024/12/8 13:02,card,ANON-0000-0000-0991,30.86,Americano with Milk
2024/12/8,2024/12/8 13:03,card,ANON-0000-0000-0991,30.86,Americano with Milk
2024/12/8,2024/12/8 17:26,card,ANON-0000-0000-0206,35.76,Cappuccino
2024/12/8,2024/12/8 18:41,card,ANON-0000-0000-0992,21.06,Espresso
2024/12/8,2024/12/8 20:47,card,ANON-0000-0000-0097,35.76,Cappuccino
2024/12/8,2024/12/8 21:28,card,ANON-0000-0000-0993,30.86,Americano with Milk
2024/12/8,2024/12/8 21:41,card,ANON-0000-0000-0976,30.86,Americano with Milk
2024/12/9,2024/12/9 8:32,card,ANON-0000-0000-0994,35.76,Cappuccino
2024/12/9,2024/12/9 9:12,card,ANON-0000-0000-0995,25.96,Americano
2024/12/9,2024/12/9 9:33,card,ANON-0000-0000-0276,30.86,Americano with Milk
2024/12/9,2024/12/9 13:00,card,ANON-0000-0000-0802,25.96,Cortado
2024/12/9,2024/12/9 21:21,card,ANON-0000-0000-0996,35.76,Cocoa
2024/12/10,2024/12/10 12:25,card,ANON-0000-0000-0141,25.96,Cortado
2024/12/10,2024/12/10 18:21,card,ANON-0000-0000-0938,35.76,Hot Chocolate
2024/12/11,2024/12/11 7:49,card,ANON-0000-0000-0570,35.76,Latte
2024/12/11,2024/12/11 10:45,card,ANON-0000-0000-0141,25.96,Cortado
2024/12/11,2024/12/11 12:13,card,ANON-0000-0000-0997,35.76,Hot Chocolate
2024/12/11,2024/12/11 12:56,card,ANON-0000-0000-0998,21.06,Espresso
2024/12/11,2024/12/11 17:59,card,ANON-0000-0000-0999,35.76,Cocoa
2024/12/11,2024/12/11 21:01,card,ANON-0000-0000-0690,35.76,Latte
2024/12/11,2024/12/11 21:18,card,ANON-0000-0000-1000,35.76,Latte
2024/12/12,2024/12/12 7:58,card,ANON-0000-0000-1001,30.86,Americano with Milk
2024/12/12,2024/12/12 12:49,card,ANON-0000-0000-1002,25.96,Americano
2024/12/12,2024/12/12 16:55,card,ANON-0000-0000-1003,21.06,Espresso
2024/12/12,2024/12/12 16:55,card,ANON-0000-0000-1003,21.06,Espresso
2024/12/12,2024/12/12 16:57,card,ANON-0000-0000-1003,25.96,Americano
2024/12/12,2024/12/12 19:50,card,ANON-0000-0000-0922,35.76,Cocoa
2024/12/12,2024/12/12 19:50,card,ANON-0000-0000-0922,35.76,Cocoa
2024/12/13,2024/12/13 12:27,card,ANON-0000-0000-1004,25.96,Americano
2024/12/13,2024/12/13 12:53,card,ANON-0000-0000-1003,25.96,Americano
2024/12/13,2024/12/13 12:54,card,ANON-0000-0000-1003,35.76,Hot Chocolate
2024/12/13,2024/12/13 14:01,card,ANON-0000-0000-1005,35.76,Hot Chocolate
2024/12/13,2024/12/13 16:23,card,ANON-0000-0000-0494,35.76,Cocoa
2024/12/13,2024/12/13 19:19,card,ANON-0000-0000-0876,35.76,Cappuccino
2024/12/13,2024/12/13 19:20,card,ANON-0000-0000-0876,35.76,Cappuccino
2024/12/13,2024/12/13 21:35,card,ANON-0000-0000-0748,35.76,Latte
2024/12/14,2024/12/14 8:27,card,ANON-0000-0000-1006,30.86,Americano with Milk
2024/12/14,2024/12/14 9:03,card,ANON-0000-0000-1007,35.76,Cocoa
2024/12/14,2024/12/14 11:41,card,ANON-0000-0000-0664,35.76,Cappuccino
2024/12/14,2024/12/14 13:19,card,ANON-0000-0000-1008,25.96,Americano
2024/12/14,2024/12/14 13:20,card,ANON-0000-0000-1008,35.76,Latte
2024/12/14,2024/12/14 16:10,card,ANON-0000-0000-0612,35.76,Cocoa
2024/12/14,2024/12/14 16:29,card,ANON-0000-0000-0040,25.96,Americano
2024/12/14,2024/12/14 16:30,card,ANON-0000-0000-0040,25.96,Americano
2024/12/14,2024/12/14 17:00,card,ANON-0000-0000-1003,25.96,Americano
2024/12/14,2024/12/14 17:01,card,ANON-0000-0000-1003,25.96,Americano
2024/12/14,2024/12/14 18:23,card,ANON-0000-0000-1009,30.86,Americano with Milk
2024/12/15,2024/12/15 11:09,card,ANON-0000-0000-0570,35.76,Latte
2024/12/15,2024/12/15 11:10,card,ANON-0000-0000-0570,35.76,Cocoa
2024/12/15,2024/12/15 17:58,card,ANON-0000-0000-0798,35.76,Hot Chocolate
2024/12/16,2024/12/16 7:52,card,ANON-0000-0000-0570,35.76,Latte
2024/12/16,2024/12/16 8:03,card,ANON-0000-0000-1010,35.76,Hot Chocolate
2024/12/16,2024/12/16 8:46,card,ANON-0000-0000-0714,35.76,Cocoa
2024/12/16,2024/12/16 12:19,card,ANON-0000-0000-1011,30.86,Americano with Milk
2024/12/16,2024/12/16 13:08,card,ANON-0000-0000-0886,35.76,Latte
2024/12/16,2024/12/16 14:13,card,ANON-0000-0000-0896,35.76,Hot Chocolate
2024/12/16,2024/12/16 18:23,card,ANON-0000-0000-0012,35.76,Latte
2024/12/16,2024/12/16 18:24,card,ANON-0000-0000-0012,30.86,Americano with Milk
2024/12/17,2024/12/17 8:48,card,ANON-0000-0000-1012,25.96,Cortado
2024/12/17,2024/12/17 8:52,card,ANON-0000-0000-1013,35.76,Cappuccino
2024/12/17,2024/12/17 10:49,card,ANON-0000-0000-0276,30.86,Americano with Milk
2024/12/17,2024/12/17 16:22,card,ANON-0000-0000-1014,25.96,Americano
2024/12/17,2024/12/17 16:23,card,ANON-0000-0000-1014,35.76,Cocoa
2024/12/17,2024/12/17 17:14,card,ANON-0000-0000-0664,35.76,Cappuccino
2024/12/17,2024/12/17 18:54,card,ANON-0000-0000-0907,35.76,Cocoa
2024/12/18,2024/12/18 9:30,card,ANON-0000-0000-1015,35.76,Latte
2024/12/18,2024/12/18 10:01,card,ANON-0000-0000-1016,30.86,Americano with Milk
2024/12/18,2024/12/18 10:03,card,ANON-0000-0000-1016,35.76,Latte
2024/12/18,2024/12/18 10:04,card,ANON-0000-0000-1016,35.76,Cappuccino
2024/12/19,2024/12/19 10:12,card,ANON-0000-0000-1017,35.76,Hot Chocolate
2024/12/19,2024/12/19 11:25,card,ANON-0000-0000-0276,30.86,Americano with Milk
2024/12/19,2024/12/19 12:10,card,ANON-0000-0000-1018,21.06,Espresso
2024/12/19,2024/12/19 13:38,card,ANON-0000-0000-1019,35.76,Hot Chocolate
2024/12/19,2024/12/19 19:00,card,ANON-0000-0000-0206,35.76,Cappuccino
2024/12/19,2024/12/19 19:10,card,ANON-0000-0000-0040,35.76,Cappuccino
2024/12/19,2024/12/19 19:48,card,ANON-0000-0000-1020,30.86,Americano with Milk
2024/12/19,2024/12/19 19:49,card,ANON-0000-0000-1020,35.76,Hot Chocolate
2024/12/19,2024/12/19 21:08,card,ANON-0000-0000-1021,35.76,Latte
2024/12/19,2024/12/19 21:09,card,ANON-0000-0000-1021,35.76,Cappuccino
2024/12/20,2024/12/20 8:14,card,ANON-0000-0000-0141,25.96,Cortado
2024/12/20,2024/12/20 9:39,card,ANON-0000-0000-0276,30.86,Americano with Milk
2024/12/20,2024/12/20 10:12,card,ANON-0000-0000-1022,35.76,Cappuccino
2024/12/20,2024/12/20 10:55,card,ANON-0000-0000-0141,25.96,Cortado
2024/12/20,2024/12/20 12:21,card,ANON-0000-0000-0819,21.06,Espresso
2024/12/20,2024/12/20 12:22,card,ANON-0000-0000-0819,30.86,Americano with Milk
2024/12/20,2024/12/20 14:58,card,ANON-0000-0000-1023,25.96,Cortado
2024/12/20,2024/12/20 18:28,card,ANON-0000-0000-1024,35.76,Cappuccino
2024/12/20,2024/12/20 18:57,card,ANON-0000-0000-0206,35.76,Cappuccino
2024/12/21,2024/12/21 10:19,card,ANON-0000-0000-1025,35.76,Cappuccino
2024/12/21,2024/12/21 10:20,card,ANON-0000-0000-1025,35.76,Latte
2024/12/21,2024/12/21 10:32,card,ANON-0000-0000-1026,25.96,Americano
2024/12/21,2024/12/21 15:33,card,ANON-0000-0000-0507,35.76,Hot Chocolate
2024/12/21,2024/12/21 15:33,card,ANON-0000-0000-0507,35.76,Latte
2024/12/21,2024/12/21 15:35,card,ANON-0000-0000-0842,30.86,Americano with Milk
2024/12/21,2024/12/21 15:58,card,ANON-0000-0000-1027,35.76,Latte
2024/12/21,2024/12/21 17:47,card,ANON-0000-0000-1020,35.76,Cocoa
2024/12/21,2024/12/21 18:02,card,ANON-0000-0000-1028,35.76,Hot Chocolate
2024/12/21,2024/12/21 18:08,card,ANON-0000-0000-1029,25.96,Cortado
2024/12/21,2024/12/21 19:48,card,ANON-0000-0000-1030,30.86,Americano with Milk
2024/12/21,2024/12/21 19:49,card,ANON-0000-0000-1030,25.96,Cortado
2024/12/21,2024/12/21 21:49,card,ANON-0000-0000-1029,25.96,Cortado
2024/12/21,2024/12/21 21:58,card,ANON-0000-0000-1031,35.76,Latte
2024/12/21,2024/12/21 22:16,card,ANON-0000-0000-1029,25.96,Cortado
2024/12/22,2024/12/22 10:42,card,ANON-0000-0000-0333,35.76,Cappuccino
2024/12/22,2024/12/22 18:55,card,ANON-0000-0000-0206,35.76,Cappuccino
2024/12/22,2024/12/22 19:35,card,ANON-0000-0000-1032,35.76,Hot Chocolate
2024/12/22,2024/12/22 19:36,card,ANON-0000-0000-1032,35.76,Hot Chocolate
2024/12/22,2024/12/22 20:26,card,ANON-0000-0000-0636,35.76,Hot Chocolate
2024/12/22,2024/12/22 21:55,card,ANON-0000-0000-1033,35.76,Cocoa
2024/12/22,2024/12/22 21:56,card,ANON-0000-0000-1034,25.96,Cortado
2024/12/23,2024/12/23 9:03,card,ANON-0000-0000-1029,25.96,Cortado
2024/12/23,2024/12/23 9:22,card,ANON-0000-0000-0276,30.86,Americano with Milk
2024/12/23,2024/12/23 10:42,card,ANON-0000-0000-0042,30.86,Americano with Milk
2024/12/23,2024/12/23 11:35,card,ANON-0000-0000-0570,35.76,Cappuccino
2024/12/23,2024/12/23 14:05,card,ANON-0000-0000-1035,35.76,Latte
2024/12/23,2024/12/23 15:00,card,ANON-0000-0000-1036,30.86,Americano with Milk
2024/12/23,2024/12/23 16:14,card,ANON-0000-0000-0906,35.76,Latte
2024/12/23,2024/12/23 17:21,card,ANON-0000-0000-1037,25.96,Cortado
2024/12/23,2024/12/23 17:22,card,ANON-0000-0000-1037,35.76,Latte
2024/12/23,2024/12/23 20:46,card,ANON-0000-0000-1029,25.96,Cortado
2024/12/24,2024/12/24 15:10,card,ANON-0000-0000-1038,30.86,Americano with Milk
2024/12/24,2024/12/24 16:08,card,ANON-0000-0000-1039,35.76,Hot Chocolate
2024/12/24,2024/12/24 17:55,card,ANON-0000-0000-1029,25.96,Cortado
2024/12/24,2024/12/24 19:10,card,ANON-0000-0000-1039,35.76,Hot Chocolate
2024/12/24,2024/12/24 19:11,card,ANON-0000-0000-1040,35.76,Latte
2024/12/24,2024/12/24 19:12,card,ANON-0000-0000-1039,21.06,Espresso
2024/12/24,2024/12/24 19:36,card,ANON-0000-0000-0097,35.76,Cappuccino
2024/12/25,2024/12/25 10:43,card,ANON-0000-0000-1041,35.76,Latte
2024/12/25,2024/12/25 10:45,card,ANON-0000-0000-1041,35.76,Latte
2024/12/25,2024/12/25 12:35,card,ANON-0000-0000-1042,30.86,Americano with Milk
2024/12/25,2024/12/25 12:36,card,ANON-0000-0000-1042,25.96,Americano
2024/12/25,2024/12/25 13:17,card,ANON-0000-0000-1043,30.86,Americano with Milk
2024/12/25,2024/12/25 13:32,card,ANON-0000-0000-1044,25.96,Americano
2024/12/25,2024/12/25 20:02,card,ANON-0000-0000-0097,35.76,Cappuccino
2024/12/25,2024/12/25 21:18,card,ANON-0000-0000-1045,35.76,Cocoa
2024/12/25,2024/12/25 21:19,card,ANON-0000-0000-1045,35.76,Cocoa
2024/12/25,2024/12/25 21:57,card,ANON-0000-0000-1046,35.76,Latte
2024/12/25,2024/12/25 22:51,card,ANON-0000-0000-0154,35.76,Cappuccino
2024/12/25,2024/12/25 22:53,card,ANON-0000-0000-0154,30.86,Americano with Milk
2024/12/26,2024/12/26 13:12,card,ANON-0000-0000-1047,35.76,Cappuccino
2024/12/26,2024/12/26 15:04,card,ANON-0000-0000-1048,21.06,Espresso
2024/12/27,2024/12/27 7:50,card,ANON-0000-0000-1049,25.96,Americano
2024/12/27,2024/12/27 8:57,card,ANON-0000-0000-1029,25.96,Cortado
2024/12/27,2024/12/27 9:09,card,ANON-0000-0000-0141,25.96,Cortado
2024/12/27,2024/12/27 10:12,card,ANON-0000-0000-0276,30.86,Americano with Milk
2024/12/27,2024/12/27 17:12,card,ANON-0000-0000-1050,35.76,Latte
2024/12/27,2024/12/27 19:47,card,ANON-0000-0000-1051,25.96,Americano
2024/12/27,2024/12/27 19:48,card,ANON-0000-0000-1051,30.86,Americano with Milk
2024/12/27,2024/12/27 22:54,card,ANON-0000-0000-0701,35.76,Cocoa
2024/12/28,2024/12/28 9:00,card,ANON-0000-0000-1029,25.96,Cortado
2024/12/28,2024/12/28 9:50,card,ANON-0000-0000-0141,25.96,Cortado
2024/12/28,2024/12/28 10:18,card,ANON-0000-0000-0727,30.86,Americano with Milk
2024/12/28,2024/12/28 10:52,card,ANON-0000-0000-0570,35.76,Latte
2024/12/28,2024/12/28 14:10,card,ANON-0000-0000-1052,35.76,Cappuccino
2024/12/28,2024/12/28 14:13,card,ANON-0000-0000-1053,35.76,Hot Chocolate
2024/12/28,2024/12/28 17:23,card,ANON-0000-0000-0507,35.76,Latte
2024/12/28,2024/12/28 22:11,card,ANON-0000-0000-1054,35.76,Cappuccino
2024/12/29,2024/12/29 13:46,card,ANON-0000-0000-1029,25.96,Cortado
2024/12/29,2024/12/29 15:04,card,ANON-0000-0000-1055,21.06,Espresso
2024/12/29,2024/12/29 15:05,card,ANON-0000-0000-1055,25.96,Americano
2024/12/29,2024/12/29 17:30,card,ANON-0000-0000-1056,25.96,Cortado
2024/12/29,2024/12/29 17:31,card,ANON-0000-0000-1057,21.06,Espresso
2024/12/29,2024/12/29 19:47,card,ANON-0000-0000-1029,25.96,Cortado
2024/12/29,2024/12/29 20:25,card,ANON-0000-0000-1058,35.76,Hot Chocolate
2024/12/29,2024/12/29 21:17,card,ANON-0000-0000-0729,35.76,Latte
2024/12/30,2024/12/30 9:02,card,ANON-0000-0000-1029,25.96,Cortado
2024/12/30,2024/12/30 9:44,card,ANON-0000-0000-0276,30.86,Americano with Milk
2024/12/30,2024/12/30 13:52,card,ANON-0000-0000-1059,35.76,Latte
2024/12/30,2024/12/30 13:53,card,ANON-0000-0000-1059,35.76,Hot Chocolate
2024/12/30,2024/12/30 15:12,card,ANON-0000-0000-0920,35.76,Latte
2024/12/30,2024/12/30 15:13,card,ANON-0000-0000-0920,30.86,Americano with Milk
2024/12/30,2024/12/30 16:29,card,ANON-0000-0000-1003,30.86,Americano with Milk
2024/12/30,2024/12/30 16:31,card,ANON-0000-0000-1060,25.96,Americano
2024/12/30,2024/12/30 16:36,card,ANON-0000-0000-0886,35.76,Cappuccino
2024/12/31,2024/12/31 8:52,card,ANON-0000-0000-1029,25.96,Cortado
2024/12/31,2024/12/31 9:36,card,ANON-0000-0000-1034,35.76,Cappuccino
2024/12/31,2024/12/31 9:39,card,ANON-0000-0000-1034,25.96,Cortado
2024/12/31,2024/12/31 9:45,card,ANON-0000-0000-1061,35.76,Cocoa
2024/12/31,2024/12/31 10:26,card,ANON-0000-0000-1062,30.86,Americano with Milk
2024/12/31,2024/12/31 10:29,card,ANON-0000-0000-1062,30.86,Americano with Milk
2024/12/31,2024/12/31 11:11,card,ANON-0000-0000-0195,35.76,Cappuccino
2024/12/31,2024/12/31 11:12,card,ANON-0000-0000-0195,30.86,Americano with Milk
2024/12/31,2024/12/31 15:42,card,ANON-0000-0000-0012,21.06,Espresso
2024/12/31,2024/12/31 15:43,card,ANON-0000-0000-0012,25.96,Americano
2024/12/31,2024/12/31 16:07,card,ANON-0000-0000-1063,35.76,Cappuccino
2024/12/31,2024/12/31 17:10,card,ANON-0000-0000-0525,35.76,Latte
2024/12/31,2024/12/31 17:30,card,ANON-0000-0000-1064,30.86,Americano with Milk
2024/12/31,2024/12/31 17:31,card,ANON-0000-0000-1065,35.76,Cappuccino
2024/12/31,2024/12/31 19:07,card,ANON-0000-0000-1066,35.76,Latte
2024/12/31,2024/12/31 19:08,card,ANON-0000-0000-1066,35.76,Hot Chocolate
2025/1/2,2025/1/2 9:58,card,ANON-0000-0000-0276,30.86,Americano with Milk
2025/1/2,2025/1/2 13:29,card,ANON-0000-0000-1067,35.76,Cocoa
2025/1/2,2025/1/2 13:30,card,ANON-0000-0000-1067,35.76,Cocoa
2025/1/2,2025/1/2 14:41,card,ANON-0000-0000-1068,25.96,Cortado
2025/1/2,2025/1/2 14:42,card,ANON-0000-0000-1068,25.96,Cortado
2025/1/2,2025/1/2 16:22,card,ANON-0000-0000-1069,25.96,Americano
2025/1/2,2025/1/2 16:34,card,ANON-0000-0000-0877,35.76,Hot Chocolate
2025/1/2,2025/1/2 16:35,card,ANON-0000-0000-0877,30.86,Americano with Milk
2025/1/2,2025/1/2 17:43,card,ANON-0000-0000-0525,35.76,Cappuccino
2025/1/3,2025/1/3 9:03,card,ANON-0000-0000-1029,25.96,Cortado
2025/1/3,2025/1/3 10:10,card,ANON-0000-0000-0276,30.86,Americano with Milk
2025/1/3,2025/1/3 16:58,card,ANON-0000-0000-1070,30.86,Americano with Milk
2025/1/3,2025/1/3 22:13,card,ANON-0000-0000-0620,35.76,Cappuccino
2025/1/3,2025/1/3 22:18,card,ANON-0000-0000-1071,25.96,Americano
2025/1/3,2025/1/3 22:19,card,ANON-0000-0000-1072,25.96,Americano
2025/1/3,2025/1/3 22:21,card,ANON-0000-0000-0690,35.76,Latte
2025/1/4,2025/1/4 8:58,card,ANON-0000-0000-1029,25.96,Cortado
2025/1/4,2025/1/4 9:59,card,ANON-0000-0000-1073,25.96,Americano
2025/1/4,2025/1/4 13:40,card,ANON-0000-0000-1074,35.76,Cappuccino
2025/1/4,2025/1/4 15:59,card,ANON-0000-0000-0877,35.76,Cocoa
2025/1/4,2025/1/4 16:12,card,ANON-0000-0000-1034,30.86,Americano with Milk
2025/1/4,2025/1/4 16:14,card,ANON-0000-0000-1034,35.76,Cappuccino
2025/1/4,2025/1/4 16:16,card,ANON-0000-0000-1034,35.76,Cappuccino
2025/1/4,2025/1/4 16:18,card,ANON-0000-0000-1034,25.96,Cortado
2025/1/4,2025/1/4 18:11,card,ANON-0000-0000-1075,25.96,Americano
2025/1/4,2025/1/4 22:23,card,ANON-0000-0000-1000,35.76,Latte
2025/1/5,2025/1/5 9:45,card,ANON-0000-0000-1076,30.86,Americano with Milk
2025/1/5,2025/1/5 10:53,card,ANON-0000-0000-1077,35.76,Latte
2025/1/5,2025/1/5 22:07,card,ANON-0000-0000-1078,30.86,Americano with Milk
2025/1/6,2025/1/6 19:58,card,ANON-0000-0000-1079,25.96,Americano
2025/1/7,2025/1/7 13:29,card,ANON-0000-0000-1080,35.76,Cappuccino
2025/1/7,2025/1/7 22:32,card,ANON-0000-0000-1081,35.76,Cocoa
2025/1/7,2025/1/7 22:33,card,ANON-0000-0000-1081,35.76,Cocoa
2025/1/8,2025/1/8 7:30,card,ANON-0000-0000-1082,30.86,Americano with Milk
2025/1/8,2025/1/8 9:11,card,ANON-0000-0000-1083,35.76,Latte
2025/1/8,2025/1/8 10:30,card,ANON-0000-0000-1034,25.96,Cortado
2025/1/8,2025/1/8 17:22,card,ANON-0000-0000-0206,35.76,Cappuccino
2025/1/9,2025/1/9 8:07,card,ANON-0000-0000-1084,25.96,Americano
2025/1/9,2025/1/9 8:56,card,ANON-0000-0000-0570,35.76,Latte
2025/1/9,2025/1/9 9:02,card,ANON-0000-0000-0385,30.86,Americano with Milk
2025/1/9,2025/1/9 14:27,card,ANON-0000-0000-0348,21.06,Espresso
2025/1/9,2025/1/9 15:36,card,ANON-0000-0000-1085,35.76,Latte
2025/1/9,2025/1/9 15:48,card,ANON-0000-0000-0141,30.86,Americano with Milk
2025/1/9,2025/1/9 15:49,card,ANON-0000-0000-0141,25.96,Cortado
2025/1/9,2025/1/9 20:30,card,ANON-0000-0000-0012,30.86,Americano with Milk
2025/1/9,2025/1/9 22:10,card,ANON-0000-0000-0329,35.76,Latte
2025/1/10,2025/1/10 8:49,card,ANON-0000-0000-0224,30.86,Americano with Milk
2025/1/10,2025/1/10 9:16,card,ANON-0000-0000-0385,30.86,Americano with Milk
2025/1/10,2025/1/10 17:51,card,ANON-0000-0000-1086,35.76,Cappuccino
2025/1/10,2025/1/10 17:55,card,ANON-0000-0000-1045,35.76,Hot Chocolate
2025/1/10,2025/1/10 17:59,card,ANON-0000-0000-0224,30.86,Americano with Milk
2025/1/11,2025/1/11 7:44,card,ANON-0000-0000-0842,30.86,Americano with Milk
2025/1/11,2025/1/11 10:49,card,ANON-0000-0000-1087,35.76,Hot Chocolate
2025/1/11,2025/1/11 11:13,card,ANON-0000-0000-1088,25.96,Americano
2025/1/11,2025/1/11 11:20,card,ANON-0000-0000-1089,35.76,Latte
2025/1/11,2025/1/11 11:21,card,ANON-0000-0000-1089,35.76,Latte
2025/1/11,2025/1/11 12:10,card,ANON-0000-0000-1089,35.76,Latte
2025/1/11,2025/1/11 12:13,card,ANON-0000-0000-1089,35.76,Latte
2025/1/11,2025/1/11 14:12,card,ANON-0000-0000-1090,30.86,Americano with Milk
2025/1/11,2025/1/11 14:15,card,ANON-0000-0000-1091,30.86,Americano with Milk
2025/1/11,2025/1/11 14:16,card,ANON-0000-0000-1091,35.76,Cappuccino
2025/1/11,2025/1/11 14:47,card,ANON-0000-0000-1092,35.76,Latte
2025/1/11,2025/1/11 17:19,card,ANON-0000-0000-1093,25.96,Cortado
2025/1/11,2025/1/11 17:20,card,ANON-0000-0000-1094,35.76,Latte
2025/1/11,2025/1/11 17:22,card,ANON-0000-0000-1093,25.96,Cortado
2025/1/11,2025/1/11 18:01,card,ANON-0000-0000-1095,30.86,Americano with Milk
2025/1/12,2025/1/12 11:45,card,ANON-0000-0000-0842,30.86,Americano with Milk
2025/1/12,2025/1/12 11:48,card,ANON-0000-0000-0842,25.96,Americano
2025/1/12,2025/1/12 11:49,card,ANON-0000-0000-0012,30.86,Americano with Milk
2025/1/12,2025/1/12 16:15,card,ANON-0000-0000-1096,35.76,Hot Chocolate
2025/1/12,2025/1/12 20:56,card,ANON-0000-0000-1097,30.86,Americano with Milk
2025/1/13,2025/1/13 8:08,card,ANON-0000-0000-0533,30.86,Americano with Milk
2025/1/13,2025/1/13 9:17,card,ANON-0000-0000-0276,30.86,Americano with Milk
2025/1/13,2025/1/13 13:02,card,ANON-0000-0000-1034,25.96,Cortado
2025/1/13,2025/1/13 13:50,card,ANON-0000-0000-0906,35.76,Latte
2025/1/13,2025/1/13 14:11,card,ANON-0000-0000-1098,35.76,Latte
2025/1/13,2025/1/13 14:12,card,ANON-0000-0000-1098,35.76,Cappuccino
2025/1/13,2025/1/13 16:25,card,ANON-0000-0000-1099,35.76,Latte
2025/1/13,2025/1/13 20:51,card,ANON-0000-0000-0050,21.06,Espresso
2025/1/14,2025/1/14 7:37,card,ANON-0000-0000-0682,35.76,Latte
2025/1/14,2025/1/14 9:53,card,ANON-0000-0000-1029,25.96,Cortado
2025/1/14,2025/1/14 10:21,card,ANON-0000-0000-0276,30.86,Americano with Milk
2025/1/14,2025/1/14 12:49,card,ANON-0000-0000-1100,35.76,Latte
2025/1/14,2025/1/14 16:18,card,ANON-0000-0000-1101,30.86,Americano with Milk
2025/1/14,2025/1/14 16:19,card,ANON-0000-0000-1101,30.86,Americano with Milk
2025/1/14,2025/1/14 19:41,card,ANON-0000-0000-0206,35.76,Cappuccino
2025/1/14,2025/1/14 21:02,card,ANON-0000-0000-1097,35.76,Latte
2025/1/15,2025/1/15 9:12,card,ANON-0000-0000-0419,30.86,Americano with Milk
2025/1/15,2025/1/15 11:10,card,ANON-0000-0000-1102,25.96,Americano
2025/1/15,2025/1/15 13:14,card,ANON-0000-0000-0886,35.76,Cappuccino
2025/1/15,2025/1/15 15:35,card,ANON-0000-0000-0634,35.76,Latte
2025/1/15,2025/1/15 15:36,card,ANON-0000-0000-1103,35.76,Cappuccino
2025/1/15,2025/1/15 15:37,card,ANON-0000-0000-0634,35.76,Latte
2025/1/15,2025/1/15 16:55,card,ANON-0000-0000-1104,35.76,Latte
2025/1/15,2025/1/15 18:06,card,ANON-0000-0000-1105,35.76,Latte
2025/1/15,2025/1/15 19:51,card,ANON-0000-0000-1097,35.76,Latte
2025/1/15,2025/1/15 21:41,card,ANON-0000-0000-0731,35.76,Cappuccino
2025/1/16,2025/1/16 9:32,card,ANON-0000-0000-0886,35.76,Latte
2025/1/16,2025/1/16 9:38,card,ANON-0000-0000-0419,30.86,Americano with Milk
2025/1/16,2025/1/16 10:41,card,ANON-0000-0000-0012,30.86,Americano with Milk
2025/1/16,2025/1/16 12:12,card,ANON-0000-0000-0141,25.96,Cortado
2025/1/16,2025/1/16 15:16,card,ANON-0000-0000-1106,35.76,Latte
2025/1/16,2025/1/16 16:35,card,ANON-0000-0000-0406,35.76,Latte
2025/1/16,2025/1/16 18:15,card,ANON-0000-0000-1097,35.76,Cappuccino
2025/1/16,2025/1/16 21:16,card,ANON-0000-0000-1045,35.76,Hot Chocolate
2025/1/16,2025/1/16 21:16,card,ANON-0000-0000-1045,35.76,Hot Chocolate
2025/1/16,2025/1/16 21:40,card,ANON-0000-0000-1107,25.96,Cortado
2025/1/17,2025/1/17 7:38,card,ANON-0000-0000-1108,35.76,Cocoa
2025/1/17,2025/1/17 8:26,card,ANON-0000-0000-1109,35.76,Latte
2025/1/17,2025/1/17 8:27,card,ANON-0000-0000-1109,35.76,Cappuccino
2025/1/17,2025/1/17 8:47,card,ANON-0000-0000-0276,30.86,Americano with Milk
2025/1/17,2025/1/17 9:27,card,ANON-0000-0000-0012,30.86,Americano with Milk
2025/1/17,2025/1/17 14:20,card,ANON-0000-0000-1110,35.76,Cocoa
2025/1/17,2025/1/17 14:22,card,ANON-0000-0000-1110,35.76,Cocoa
2025/1/17,2025/1/17 17:39,card,ANON-0000-0000-0906,35.76,Hot Chocolate
2025/1/17,2025/1/17 21:22,card,ANON-0000-0000-0877,35.76,Hot Chocolate
2025/1/18,2025/1/18 10:12,card,ANON-0000-0000-1082,30.86,Americano with Milk
2025/1/18,2025/1/18 16:33,card,ANON-0000-0000-0507,35.76,Hot Chocolate
2025/1/18,2025/1/18 16:35,card,ANON-0000-0000-0507,35.76,Latte
2025/1/18,2025/1/18 16:36,card,ANON-0000-0000-0507,35.76,Hot Chocolate
2025/1/20,2025/1/20 8:29,card,ANON-0000-0000-0012,30.86,Americano with Milk
2025/1/20,2025/1/20 10:57,card,ANON-0000-0000-0276,30.86,Americano with Milk
2025/1/20,2025/1/20 11:40,card,ANON-0000-0000-0141,25.96,Cortado
2025/1/20,2025/1/20 12:04,card,ANON-0000-0000-1111,25.96,Americano
2025/1/20,2025/1/20 12:06,card,ANON-0000-0000-1111,25.96,Cortado
2025/1/20,2025/1/20 13:45,card,ANON-0000-0000-1112,30.86,Americano with Milk
2025/1/20,2025/1/20 20:08,card,ANON-0000-0000-1113,35.76,Hot Chocolate
2025/1/20,2025/1/20 20:26,card,ANON-0000-0000-1114,35.76,Cappuccino
2025/1/20,2025/1/20 20:27,card,ANON-0000-0000-1114,35.76,Cappuccino
2025/1/20,2025/1/20 21:13,card,ANON-0000-0000-1115,35.76,Latte
2025/1/21,2025/1/21 8:05,card,ANON-0000-0000-1010,35.76,Cocoa
2025/1/21,2025/1/21 8:18,card,ANON-0000-0000-0141,25.96,Cortado
2025/1/21,2025/1/21 8:19,card,ANON-0000-0000-1082,30.86,Americano with Milk
2025/1/21,2025/1/21 15:35,card,ANON-0000-0000-1116,25.96,Americano
2025/1/21,2025/1/21 18:32,card,ANON-0000-0000-1117,35.76,Hot Chocolate
2025/1/21,2025/1/21 18:54,card,ANON-0000-0000-0333,35.76,Latte
2025/1/21,2025/1/21 18:56,card,ANON-0000-0000-0333,35.76,Latte
2025/1/21,2025/1/21 19:15,card,ANON-0000-0000-1110,25.96,Americano
2025/1/22,2025/1/22 11:24,card,ANON-0000-0000-1118,21.06,Espresso
2025/1/22,2025/1/22 17:32,card,ANON-0000-0000-0463,30.86,Americano with Milk
2025/1/22,2025/1/22 18:49,card,ANON-0000-0000-1119,35.76,Cocoa
2025/1/22,2025/1/22 19:10,card,ANON-0000-0000-1051,30.86,Americano with Milk
2025/1/22,2025/1/22 19:11,card,ANON-0000-0000-1051,35.76,Cappuccino
2025/1/22,2025/1/22 19:29,card,ANON-0000-0000-1120,35.76,Latte
2025/1/22,2025/1/22 20:14,card,ANON-0000-0000-1121,30.86,Americano with Milk
2025/1/24,2025/1/24 13:42,card,ANON-0000-0000-1034,35.76,Cappuccino
2025/1/24,2025/1/24 13:43,card,ANON-0000-0000-1034,25.96,Cortado
2025/1/24,2025/1/24 15:28,card,ANON-0000-0000-1122,35.76,Cocoa
2025/1/24,2025/1/24 17:41,card,ANON-0000-0000-1123,25.96,Americano
2025/1/24,2025/1/24 21:16,card,ANON-0000-0000-1045,35.76,Cocoa
2025/1/24,2025/1/24 22:31,card,ANON-0000-0000-1124,35.76,Hot Chocolate
2025/1/24,2025/1/24 22:32,card,ANON-0000-0000-1124,35.76,Latte
2025/1/25,2025/1/25 13:21,card,ANON-0000-0000-1114,35.76,Cappuccino
2025/1/25,2025/1/25 14:38,card,ANON-0000-0000-1125,35.76,Cappuccino
2025/1/25,2025/1/25 14:39,card,ANON-0000-0000-1126,25.96,Americano
2025/1/26,2025/1/26 12:35,card,ANON-0000-0000-1127,25.96,Americano
2025/1/26,2025/1/26 12:36,card,ANON-0000-0000-1127,21.06,Espresso
2025/1/27,2025/1/27 8:07,card,ANON-0000-0000-0141,25.96,Cortado
2025/1/27,2025/1/27 8:32,card,ANON-0000-0000-0141,25.96,Americano
2025/1/27,2025/1/27 12:05,card,ANON-0000-0000-1128,35.76,Cappuccino
2025/1/27,2025/1/27 13:45,card,ANON-0000-0000-0276,30.86,Americano with Milk
2025/1/27,2025/1/27 15:27,card,ANON-0000-0000-0141,30.86,Americano with Milk
2025/1/27,2025/1/27 15:29,card,ANON-0000-0000-0141,25.96,Cortado
2025/1/27,2025/1/27 15:30,card,ANON-0000-0000-0141,30.86,Americano with Milk
2025/1/27,2025/1/27 18:55,card,ANON-0000-0000-1129,35.76,Latte
2025/1/27,2025/1/27 19:02,card,ANON-0000-0000-1130,35.76,Latte
2025/1/27,2025/1/27 19:03,card,ANON-0000-0000-1131,35.76,Latte
2025/1/28,2025/1/28 8:26,card,ANON-0000-0000-0197,35.76,Latte
2025/1/28,2025/1/28 9:33,card,ANON-0000-0000-1132,25.96,Americano
2025/1/28,2025/1/28 11:56,card,ANON-0000-0000-0224,30.86,Americano with Milk
2025/1/28,2025/1/28 12:22,card,ANON-0000-0000-1133,25.96,Americano
2025/1/28,2025/1/28 16:19,card,ANON-0000-0000-1134,35.76,Cocoa
2025/1/28,2025/1/28 16:20,card,ANON-0000-0000-1134,25.96,Cortado
2025/1/28,2025/1/28 17:40,card,ANON-0000-0000-1135,25.96,Americano
2025/1/28,2025/1/28 20:11,card,ANON-0000-0000-1136,35.76,Latte
2025/1/28,2025/1/28 20:13,card,ANON-0000-0000-1137,35.76,Cappuccino
2025/1/29,2025/1/29 9:38,card,ANON-0000-0000-1069,25.96,Americano
2025/1/29,2025/1/29 16:25,card,ANON-0000-0000-1138,25.96,Americano
2025/1/29,2025/1/29 19:19,card,ANON-0000-0000-1139,30.86,Americano with Milk
2025/1/29,2025/1/29 19:20,card,ANON-0000-0000-1139,21.06,Espresso
2025/1/30,2025/1/30 9:18,card,ANON-0000-0000-0224,30.86,Americano with Milk
2025/1/30,2025/1/30 10:12,card,ANON-0000-0000-0276,30.86,Americano with Milk
2025/1/30,2025/1/30 11:26,card,ANON-0000-0000-0862,25.96,Cortado
2025/1/30,2025/1/30 12:42,card,ANON-0000-0000-1140,35.76,Hot Chocolate
2025/1/30,2025/1/30 13:02,card,ANON-0000-0000-1141,25.96,Americano
2025/1/30,2025/1/30 14:41,card,ANON-0000-0000-1142,30.86,Americano with Milk
2025/1/30,2025/1/30 17:18,card,ANON-0000-0000-1143,35.76,Hot Chocolate
2025/1/30,2025/1/30 18:24,card,ANON-0000-0000-1069,30.86,Americano with Milk
2025/1/30,2025/1/30 18:41,card,ANON-0000-0000-1144,25.96,Cortado
2025/1/31,2025/1/31 8:40,card,ANON-0000-0000-0141,25.96,Americano
2025/1/31,2025/1/31 8:41,card,ANON-0000-0000-0141,30.86,Americano with Milk
2025/1/31,2025/1/31 9:17,card,ANON-0000-0000-0304,30.86,Americano with Milk
2025/1/31,2025/1/31 9:20,card,ANON-0000-0000-1145,35.76,Cocoa
2025/1/31,2025/1/31 9:26,card,ANON-0000-0000-0333,35.76,Cappuccino
2025/1/31,2025/1/31 9:27,card,ANON-0000-0000-0333,35.76,Cappuccino
2025/1/31,2025/1/31 12:31,card,ANON-0000-0000-1133,35.76,Latte
2025/1/31,2025/1/31 12:54,card,ANON-0000-0000-0507,35.76,Latte
2025/1/31,2025/1/31 14:02,card,ANON-0000-0000-1146,35.76,Cappuccino
2025/1/31,2025/1/31 16:48,card,ANON-0000-0000-0304,30.86,Americano with Milk
2025/1/31,2025/1/31 22:35,card,ANON-0000-0000-1147,30.86,Americano with Milk
2025/1/31,2025/1/31 22:37,card,ANON-0000-0000-1148,25.96,Americano
2025/2/1,2025/2/1 8:50,card,ANON-0000-0000-0304,30.86,Americano with Milk
2025/2/1,2025/2/1 10:07,card,ANON-0000-0000-0224,30.86,Americano with Milk
2025/2/1,2025/2/1 13:14,card,ANON-0000-0000-0141,25.96,CORTADO
2025/2/1,2025/2/1 13:15,card,ANON-0000-0000-0141,25.96,Cortado
2025/2/1,2025/2/1 14:35,card,ANON-0000-0000-1149,35.76,Cappuccino
2025/2/1,2025/2/1 14:36,card,ANON-0000-0000-1149,35.76,Cappuccino
2025/2/1,2025/2/1 15:49,card,ANON-0000-0000-1069,35.76,Latte
2025/2/1,2025/2/1 18:57,card,ANON-0000-0000-1114,35.76,Cappuccino
2025/2/1,2025/2/1 19:53,card,ANON-0000-0000-0224,30.86,Americano with Milk
2025/2/1,2025/2/1 19:54,card,ANON-0000-0000-0224,30.86,Americano with Milk
2025/2/1,2025/2/1 21:37,card,ANON-0000-0000-0427,30.86,Americano with Milk
2025/2/2,2025/2/2 10:56,card,ANON-0000-0000-1132,35.76,Cappuccino
2025/2/2,2025/2/2 10:57,card,ANON-0000-0000-1132,35.76,Cappuccino
2025/2/2,2025/2/2 12:54,card,ANON-0000-0000-1150,35.76,Latte
2025/2/2,2025/2/2 12:56,card,ANON-0000-0000-1151,35.76,Latte
2025/2/2,2025/2/2 14:22,card,ANON-0000-0000-0265,30.86,Americano with Milk
2025/2/2,2025/2/2 16:45,card,ANON-0000-0000-0507,35.76,Latte
2025/2/2,2025/2/2 16:46,card,ANON-0000-0000-1152,35.76,Latte
2025/2/3,2025/2/3 7:03,card,ANON-0000-0000-1152,35.76,Cappuccino
2025/2/3,2025/2/3 7:04,card,ANON-0000-0000-1152,30.86,Americano with Milk
2025/2/3,2025/2/3 8:04,card,ANON-0000-0000-1152,21.06,Espresso
2025/2/3,2025/2/3 8:09,card,ANON-0000-0000-1153,30.86,Americano with Milk
2025/2/3,2025/2/3 10:15,card,ANON-0000-0000-1154,25.96,Americano
2025/2/3,2025/2/3 10:22,card,ANON-0000-0000-1155,35.76,Cappuccino
2025/2/3,2025/2/3 10:49,card,ANON-0000-0000-1156,30.86,Americano with Milk
2025/2/3,2025/2/3 13:25,card,ANON-0000-0000-1157,35.76,Cappuccino
2025/2/3,2025/2/3 13:32,card,ANON-0000-0000-1158,35.76,Cappuccino
2025/2/3,2025/2/3 13:51,card,ANON-0000-0000-1159,25.96,Americano
2025/2/3,2025/2/3 14:06,card,ANON-0000-0000-1160,25.96,Americano
2025/2/3,2025/2/3 14:47,card,ANON-0000-0000-0019,35.76,Latte
2025/2/3,2025/2/3 14:50,card,ANON-0000-0000-0507,35.76,Latte
2025/2/3,2025/2/3 15:01,card,ANON-0000-0000-1161,35.76,Latte
2025/2/3,2025/2/3 15:41,card,ANON-0000-0000-1110,25.96,Americano
2025/2/3,2025/2/3 17:01,card,ANON-0000-0000-1160,35.76,Cocoa
2025/2/3,2025/2/3 17:09,card,ANON-0000-0000-1162,30.86,Americano with Milk
2025/2/3,2025/2/3 17:11,card,ANON-0000-0000-1163,30.86,Americano with Milk
2025/2/3,2025/2/3 17:12,card,ANON-0000-0000-1163,30.86,Americano with Milk
2025/2/3,2025/2/3 17:13,card,ANON-0000-0000-1164,35.76,Hot Chocolate
2025/2/3,2025/2/3 17:14,card,ANON-0000-0000-1164,35.76,Latte
2025/2/3,2025/2/3 17:15,card,ANON-0000-0000-1165,35.76,Hot Chocolate
2025/2/3,2025/2/3 17:44,card,ANON-0000-0000-1166,30.86,Americano with Milk
2025/2/3,2025/2/3 18:09,card,ANON-0000-0000-1167,25.96,Americano
2025/2/3,2025/2/3 20:44,card,ANON-0000-0000-1168,35.76,Cocoa
2025/2/4,2025/2/4 10:04,card,ANON-0000-0000-1163,30.86,Americano with Milk
2025/2/4,2025/2/4 10:11,card,ANON-0000-0000-1110,25.96,Americano
2025/2/4,2025/2/4 12:35,card,ANON-0000-0000-1169,30.86,Americano with Milk
2025/2/4,2025/2/4 13:07,card,ANON-0000-0000-1160,25.96,Cortado
2025/2/4,2025/2/4 14:15,card,ANON-0000-0000-1170,25.96,Americano
2025/2/4,2025/2/4 14:17,card,ANON-0000-0000-1163,30.86,Americano with Milk
2025/2/4,2025/2/4 14:19,card,ANON-0000-0000-1171,25.96,Americano
2025/2/4,2025/2/4 18:13,card,ANON-0000-0000-1157,30.86,Americano with Milk
2025/2/4,2025/2/4 19:05,card,ANON-0000-0000-1172,35.76,Cocoa
2025/2/4,2025/2/4 19:09,card,ANON-0000-0000-1173,35.76,Cocoa
2025/2/4,2025/2/4 19:10,card,ANON-0000-0000-1173,35.76,Cocoa
2025/2/4,2025/2/4 19:27,card,ANON-0000-0000-1174,25.96,Cortado
2025/2/5,2025/2/5 8:42,card,ANON-0000-0000-1156,30.86,Americano with Milk
2025/2/5,2025/2/5 9:10,card,ANON-0000-0000-1163,30.86,Americano with Milk
2025/2/5,2025/2/5 11:49,card,ANON-0000-0000-1163,25.96,Americano
2025/2/5,2025/2/5 11:50,card,ANON-0000-0000-1163,25.96,Americano
2025/2/5,2025/2/5 11:51,card,ANON-0000-0000-1163,25.96,Americano
2025/2/5,2025/2/5 11:58,card,ANON-0000-0000-1163,30.86,Americano with Milk
2025/2/5,2025/2/5 12:10,card,ANON-0000-0000-1175,25.96,Americano
2025/2/5,2025/2/5 13:20,card,ANON-0000-0000-1176,25.96,Americano
2025/2/5,2025/2/5 13:43,card,ANON-0000-0000-1171,21.06,Espresso
2025/2/5,2025/2/5 13:44,card,ANON-0000-0000-1171,21.06,Espresso
2025/2/5,2025/2/5 14:57,card,ANON-0000-0000-1161,35.76,Cappuccino
2025/2/5,2025/2/5 15:50,card,ANON-0000-0000-1177,35.76,Cappuccino
2025/2/5,2025/2/5 16:34,card,ANON-0000-0000-1165,35.76,Hot Chocolate
2025/2/5,2025/2/5 16:35,card,ANON-0000-0000-1164,35.76,Latte
2025/2/5,2025/2/5 16:36,card,ANON-0000-0000-1164,35.76,Latte
2025/2/5,2025/2/5 16:39,card,ANON-0000-0000-1152,35.76,Cocoa
2025/2/5,2025/2/5 16:41,card,ANON-0000-0000-1165,35.76,Hot Chocolate
2025/2/5,2025/2/5 18:18,card,ANON-0000-0000-1178,35.76,Cappuccino
2025/2/5,2025/2/5 18:19,card,ANON-0000-0000-1179,35.76,Cappuccino
2025/2/5,2025/2/5 18:20,card,ANON-0000-0000-1180,35.76,Cocoa
2025/2/5,2025/2/5 18:25,card,ANON-0000-0000-1157,30.86,Americano with Milk
2025/2/5,2025/2/5 18:45,card,ANON-0000-0000-1181,35.76,Cappuccino
2025/2/5,2025/2/5 19:06,card,ANON-0000-0000-0507,35.76,Hot Chocolate
2025/2/5,2025/2/5 20:03,card,ANON-0000-0000-1182,35.76,Cocoa
2025/2/6,2025/2/6 7:16,card,ANON-0000-0000-1163,30.86,Americano with Milk
2025/2/6,2025/2/6 13:59,card,ANON-0000-0000-1171,25.96,Americano
2025/2/6,2025/2/6 14:55,card,ANON-0000-0000-1162,30.86,Americano with Milk
2025/2/6,2025/2/6 14:59,card,ANON-0000-0000-1158,35.76,Cappuccino
2025/2/6,2025/2/6 16:14,card,ANON-0000-0000-1163,35.76,Cocoa
2025/2/6,2025/2/6 17:09,card,ANON-0000-0000-1170,35.76,Cocoa
2025/2/6,2025/2/6 17:54,card,ANON-0000-0000-1183,35.76,Cocoa
2025/2/6,2025/2/6 19:53,card,ANON-0000-0000-1158,35.76,Cappuccino
2025/2/6,2025/2/6 19:55,card,ANON-0000-0000-1184,21.06,Espresso
2025/2/6,2025/2/6 20:06,card,ANON-0000-0000-1185,35.76,Cocoa
2025/2/6,2025/2/6 20:07,card,ANON-0000-0000-1186,35.76,Cocoa
2025/2/6,2025/2/6 20:23,card,ANON-0000-0000-1163,35.76,Latte
2025/2/7,2025/2/7 8:44,card,ANON-0000-0000-1152,30.86,Americano with Milk
2025/2/7,2025/2/7 9:07,card,ANON-0000-0000-1187,30.86,Americano with Milk
2025/2/7,2025/2/7 10:49,card,ANON-0000-0000-1188,25.96,Americano
2025/2/7,2025/2/7 12:09,card,ANON-0000-0000-1189,35.76,Cocoa
2025/2/7,2025/2/7 12:51,card,ANON-0000-0000-1163,30.86,Americano with Milk
2025/2/7,2025/2/7 12:58,card,ANON-0000-0000-1190,25.96,Americano
2025/2/7,2025/2/7 16:04,card,ANON-0000-0000-1170,25.96,Cortado
2025/2/7,2025/2/7 16:22,card,ANON-0000-0000-1191,35.76,Latte
2025/2/7,2025/2/7 16:23,card,ANON-0000-0000-1165,35.76,Hot Chocolate
2025/2/7,2025/2/7 16:24,card,ANON-0000-0000-1165,35.76,Latte
2025/2/7,2025/2/7 18:42,card,ANON-0000-0000-1178,35.76,Cocoa
2025/2/7,2025/2/7 18:43,card,ANON-0000-0000-1179,35.76,Cocoa
2025/2/7,2025/2/7 18:44,card,ANON-0000-0000-1192,25.96,Cortado
2025/2/7,2025/2/7 18:45,card,ANON-0000-0000-1192,35.76,Cocoa
2025/2/7,2025/2/7 20:10,card,ANON-0000-0000-1193,35.76,Cocoa
2025/2/7,2025/2/7 20:30,card,ANON-0000-0000-1161,25.96,Cortado
2025/2/8,2025/2/8 9:01,card,ANON-0000-0000-1163,25.96,Americano
2025/2/8,2025/2/8 10:56,card,ANON-0000-0000-1153,30.86,Americano with Milk
2025/2/8,2025/2/8 11:02,card,ANON-0000-0000-1194,25.96,Cortado
2025/2/8,2025/2/8 11:39,card,ANON-0000-0000-1195,25.96,Americano
2025/2/8,2025/2/8 12:46,card,ANON-0000-0000-1167,25.96,Americano
2025/2/8,2025/2/8 13:26,card,ANON-0000-0000-1170,25.96,Americano
2025/2/8,2025/2/8 15:07,card,ANON-0000-0000-1110,25.96,Americano
2025/2/8,2025/2/8 15:08,card,ANON-0000-0000-1110,25.96,Americano
2025/2/9,2025/2/9 8:49,card,ANON-0000-0000-1161,35.76,Cocoa
2025/2/9,2025/2/9 10:31,card,ANON-0000-0000-1157,30.86,Americano with Milk
2025/2/9,2025/2/9 10:51,card,ANON-0000-0000-1163,25.96,Americano
2025/2/9,2025/2/9 12:05,card,ANON-0000-0000-1196,35.76,Latte
2025/2/9,2025/2/9 15:13,card,ANON-0000-0000-1189,35.76,Cocoa
2025/2/9,2025/2/9 15:14,card,ANON-0000-0000-1189,35.76,Latte
2025/2/9,2025/2/9 15:15,card,ANON-0000-0000-1178,35.76,Hot Chocolate
2025/2/9,2025/2/9 15:16,card,ANON-0000-0000-1179,35.76,Cocoa
2025/2/9,2025/2/9 16:20,card,ANON-0000-0000-1161,25.96,Cortado
2025/2/10,2025/2/10 7:01,card,ANON-0000-0000-1152,25.96,Americano
2025/2/10,2025/2/10 8:16,card,ANON-0000-0000-1110,25.96,Americano
2025/2/10,2025/2/10 8:24,card,ANON-0000-0000-1152,25.96,Americano
2025/2/10,2025/2/10 11:11,card,ANON-0000-0000-1153,30.86,Americano with Milk
2025/2/10,2025/2/10 13:08,card,ANON-0000-0000-1167,25.96,Americano
2025/2/10,2025/2/10 13:11,card,ANON-0000-0000-1168,35.76,Cocoa
2025/2/10,2025/2/10 13:26,card,ANON-0000-0000-1197,30.86,Americano with Milk
2025/2/10,2025/2/10 13:40,card,ANON-0000-0000-1198,25.96,Americano
2025/2/10,2025/2/10 14:01,card,ANON-0000-0000-1199,35.76,Latte
2025/2/10,2025/2/10 14:07,card,ANON-0000-0000-1163,25.96,Americano
2025/2/10,2025/2/10 14:11,card,ANON-0000-0000-1163,35.76,Cocoa
2025/2/10,2025/2/10 14:15,card,ANON-0000-0000-1163,35.76,Cocoa
2025/2/10,2025/2/10 15:01,card,ANON-0000-0000-1200,35.76,Cappuccino
2025/2/10,2025/2/10 15:14,card,ANON-0000-0000-1166,30.86,Americano with Milk
2025/2/10,2025/2/10 15:46,card,ANON-0000-0000-1191,35.76,Latte
2025/2/10,2025/2/10 15:47,card,ANON-0000-0000-1165,35.76,Hot Chocolate
2025/2/10,2025/2/10 16:20,card,ANON-0000-0000-1170,35.76,Cocoa
2025/2/10,2025/2/10 17:12,card,ANON-0000-0000-0878,25.96,Americano
2025/2/10,2025/2/10 18:27,card,ANON-0000-0000-1157,30.86,Americano with Milk
2025/2/10,2025/2/10 19:14,card,ANON-0000-0000-1178,35.76,Latte
2025/2/10,2025/2/10 19:14,card,ANON-0000-0000-1201,35.76,Latte
2025/2/11,2025/2/11 10:38,card,ANON-0000-0000-1163,25.96,Americano
2025/2/11,2025/2/11 11:19,card,ANON-0000-0000-1176,25.96,Americano
2025/2/11,2025/2/11 11:20,card,ANON-0000-0000-1166,30.86,Americano with Milk
2025/2/11,2025/2/11 11:21,card,ANON-0000-0000-1189,35.76,Cocoa
2025/2/11,2025/2/11 15:56,card,ANON-0000-0000-1156,35.76,Hot Chocolate
2025/2/11,2025/2/11 16:09,card,ANON-0000-0000-1194,30.86,Americano with Milk
2025/2/11,2025/2/11 16:49,card,ANON-0000-0000-1202,21.06,Espresso
2025/2/11,2025/2/11 17:35,card,ANON-0000-0000-1163,35.76,Latte
2025/2/11,2025/2/11 17:36,card,ANON-0000-0000-1163,30.86,Americano with Milk
2025/2/11,2025/2/11 17:44,card,ANON-0000-0000-1203,30.86,Americano with Milk
2025/2/11,2025/2/11 17:50,card,ANON-0000-0000-1110,25.96,Americano
2025/2/11,2025/2/11 17:54,card,ANON-0000-0000-1203,30.86,Americano with Milk
2025/2/11,2025/2/11 19:04,card,ANON-0000-0000-1204,35.76,Latte
2025/2/11,2025/2/11 19:05,card,ANON-0000-0000-1204,35.76,Cocoa
2025/2/12,2025/2/12 7:16,card,ANON-0000-0000-1200,35.76,Cappuccino
2025/2/12,2025/2/12 7:35,card,ANON-0000-0000-1163,25.96,Americano
2025/2/12,2025/2/12 8:54,card,ANON-0000-0000-1163,35.76,Cocoa
2025/2/12,2025/2/12 9:19,card,ANON-0000-0000-1153,30.86,Americano with Milk
2025/2/12,2025/2/12 10:43,card,ANON-0000-0000-1188,25.96,Americano
2025/2/12,2025/2/12 12:43,card,ANON-0000-0000-1205,25.96,Americano
2025/2/12,2025/2/12 13:08,card,ANON-0000-0000-1206,25.96,Americano
2025/2/12,2025/2/12 13:41,card,ANON-0000-0000-1160,35.76,Hot Chocolate
2025/2/12,2025/2/12 15:41,card,ANON-0000-0000-1164,35.76,Hot Chocolate
2025/2/12,2025/2/12 15:42,card,ANON-0000-0000-1191,35.76,Latte
2025/2/12,2025/2/12 15:43,card,ANON-0000-0000-1165,35.76,Hot Chocolate
2025/2/12,2025/2/12 16:12,card,ANON-0000-0000-1160,25.96,Americano
2025/2/12,2025/2/12 16:26,card,ANON-0000-0000-1160,25.96,Americano
2025/2/12,2025/2/12 17:05,card,ANON-0000-0000-1200,35.76,Cappuccino
2025/2/12,2025/2/12 17:42,card,ANON-0000-0000-1110,25.96,Americano
2025/2/12,2025/2/12 20:05,card,ANON-0000-0000-0507,35.76,Latte
2025/2/12,2025/2/12 20:23,card,ANON-0000-0000-1178,35.76,Cocoa
2025/2/12,2025/2/12 21:17,card,ANON-0000-0000-1158,35.76,Cappuccino
2025/2/13,2025/2/13 7:38,card,ANON-0000-0000-1153,30.86,Americano with Milk
2025/2/13,2025/2/13 8:45,card,ANON-0000-0000-1152,25.96,Americano
2025/2/13,2025/2/13 9:17,card,ANON-0000-0000-1207,21.06,Espresso
2025/2/13,2025/2/13 9:36,card,ANON-0000-0000-1168,35.76,Cocoa
2025/2/13,2025/2/13 10:29,card,ANON-0000-0000-1156,30.86,Americano with Milk
2025/2/13,2025/2/13 10:59,card,ANON-0000-0000-1157,30.86,Americano with Milk
2025/2/13,2025/2/13 16:30,card,ANON-0000-0000-1163,25.96,Americano
2025/2/13,2025/2/13 16:31,card,ANON-0000-0000-1163,25.96,Americano
2025/2/13,2025/2/13 17:16,card,ANON-0000-0000-1178,30.86,Americano with Milk
2025/2/13,2025/2/13 17:17,card,ANON-0000-0000-1179,30.86,Americano with Milk
2025/2/13,2025/2/13 18:01,card,ANON-0000-0000-1208,35.76,Latte
2025/2/13,2025/2/13 18:15,card,ANON-0000-0000-0046,35.76,Cappuccino
2025/2/13,2025/2/13 19:06,card,ANON-0000-0000-1209,35.76,Latte
2025/2/14,2025/2/14 11:38,card,ANON-0000-0000-1163,25.96,Americano
2025/2/14,2025/2/14 14:07,card,ANON-0000-0000-1210,35.76,Hot Chocolate
2025/2/14,2025/2/14 14:46,card,ANON-0000-0000-1198,25.96,Americano
2025/2/14,2025/2/14 14:46,card,ANON-0000-0000-1198,21.06,Espresso
2025/2/14,2025/2/14 14:58,card,ANON-0000-0000-1211,30.86,Americano with Milk
2025/2/14,2025/2/14 15:00,card,ANON-0000-0000-1200,35.76,Cappuccino
2025/2/14,2025/2/14 15:36,card,ANON-0000-0000-0507,35.76,Cappuccino
2025/2/14,2025/2/14 15:38,card,ANON-0000-0000-0507,35.76,Latte
2025/2/14,2025/2/14 15:53,card,ANON-0000-0000-1212,35.76,Hot Chocolate
2025/2/14,2025/2/14 15:54,card,ANON-0000-0000-1212,35.76,Cappuccino
2025/2/14,2025/2/14 17:03,card,ANON-0000-0000-1160,25.96,Americano
2025/2/14,2025/2/14 17:04,card,ANON-0000-0000-1160,35.76,Cocoa
2025/2/14,2025/2/14 17:09,card,ANON-0000-0000-1202,21.06,Espresso
2025/2/14,2025/2/14 17:25,card,ANON-0000-0000-1213,30.86,Americano with Milk
2025/2/14,2025/2/14 21:18,card,ANON-0000-0000-1214,25.96,Americano
2025/2/15,2025/2/15 9:22,card,ANON-0000-0000-1200,35.76,Cappuccino
2025/2/15,2025/2/15 12:41,card,ANON-0000-0000-1163,35.76,Cappuccino
2025/2/15,2025/2/15 12:44,card,ANON-0000-0000-1163,25.96,Americano
2025/2/15,2025/2/15 13:02,card,ANON-0000-0000-0878,30.86,Americano with Milk
2025/2/15,2025/2/15 13:32,card,ANON-0000-0000-1200,30.86,Americano with Milk
2025/2/15,2025/2/15 14:01,card,ANON-0000-0000-1184,35.76,Cappuccino
2025/2/15,2025/2/15 14:11,card,ANON-0000-0000-1215,25.96,Americano
2025/2/15,2025/2/15 15:40,card,ANON-0000-0000-1201,35.76,Hot Chocolate
2025/2/15,2025/2/15 15:40,card,ANON-0000-0000-1179,35.76,Hot Chocolate
2025/2/16,2025/2/16 10:46,card,ANON-0000-0000-1216,25.96,Americano
2025/2/16,2025/2/16 10:50,card,ANON-0000-0000-1169,25.96,Americano
2025/2/16,2025/2/16 10:51,card,ANON-0000-0000-1169,30.86,Americano with Milk
2025/2/16,2025/2/16 11:04,card,ANON-0000-0000-1156,35.76,Hot Chocolate
2025/2/16,2025/2/16 11:32,card,ANON-0000-0000-1160,25.96,Americano
2025/2/16,2025/2/16 14:15,card,ANON-0000-0000-1196,35.76,Hot Chocolate
2025/2/16,2025/2/16 14:16,card,ANON-0000-0000-1196,35.76,Latte
2025/2/16,2025/2/16 17:12,card,ANON-0000-0000-1163,35.76,Hot Chocolate
2025/2/16,2025/2/16 17:13,card,ANON-0000-0000-1163,30.86,Americano with Milk
2025/2/16,2025/2/16 17:44,card,ANON-0000-0000-1217,30.86,Americano with Milk
2025/2/17,2025/2/17 6:50,card,ANON-0000-0000-1200,35.76,Cappuccino
2025/2/17,2025/2/17 8:53,card,ANON-0000-0000-1163,25.96,Americano
2025/2/17,2025/2/17 9:00,card,ANON-0000-0000-1160,25.96,Americano
2025/2/17,2025/2/17 9:28,card,ANON-0000-0000-1218,30.86,Americano with Milk
2025/2/17,2025/2/17 9:56,card,ANON-0000-0000-1210,35.76,Hot Chocolate
2025/2/17,2025/2/17 10:20,card,ANON-0000-0000-1219,30.86,Americano with Milk
2025/2/17,2025/2/17 10:44,card,ANON-0000-0000-1160,25.96,Americano
2025/2/17,2025/2/17 11:53,card,ANON-0000-0000-1203,30.86,Americano with Milk
2025/2/17,2025/2/17 11:55,card,ANON-0000-0000-1202,21.06,Espresso
2025/2/17,2025/2/17 12:48,card,ANON-0000-0000-1220,35.76,Cappuccino
2025/2/17,2025/2/17 14:23,card,ANON-0000-0000-1221,35.76,Latte
2025/2/17,2025/2/17 15:05,card,ANON-0000-0000-1194,30.86,Americano with Milk
2025/2/17,2025/2/17 15:33,card,ANON-0000-0000-1191,35.76,Latte
2025/2/17,2025/2/17 16:19,card,ANON-0000-0000-1218,21.06,Espresso
2025/2/17,2025/2/17 16:22,card,ANON-0000-0000-1170,25.96,Americano
2025/2/17,2025/2/17 17:31,card,ANON-0000-0000-1222,30.86,Americano with Milk
2025/2/17,2025/2/17 18:23,card,ANON-0000-0000-1206,25.96,Americano
2025/2/17,2025/2/17 19:13,card,ANON-0000-0000-1223,25.96,Americano
2025/2/17,2025/2/17 19:15,card,ANON-0000-0000-1223,25.96,Americano
2025/2/17,2025/2/17 20:18,card,ANON-0000-0000-1192,35.76,Latte
2025/2/18,2025/2/18 8:53,card,ANON-0000-0000-1163,25.96,Americano
2025/2/18,2025/2/18 8:54,card,ANON-0000-0000-1163,25.96,Americano
2025/2/18,2025/2/18 11:07,card,ANON-0000-0000-1110,25.96,Americano
2025/2/18,2025/2/18 11:30,card,ANON-0000-0000-1198,25.96,Americano
2025/2/18,2025/2/18 11:38,card,ANON-0000-0000-1203,30.86,Americano with Milk
2025/2/18,2025/2/18 12:15,card,ANON-0000-0000-1218,30.86,Americano with Milk
2025/2/18,2025/2/18 13:04,card,ANON-0000-0000-1224,35.76,Cocoa
2025/2/18,2025/2/18 13:25,card,ANON-0000-0000-1215,25.96,Americano
2025/2/18,2025/2/18 13:27,card,ANON-0000-0000-1222,30.86,Americano with Milk
2025/2/18,2025/2/18 17:05,card,ANON-0000-0000-1210,35.76,Hot Chocolate
2025/2/18,2025/2/18 17:08,card,ANON-0000-0000-1225,30.86,Americano with Milk
2025/2/18,2025/2/18 17:09,card,ANON-0000-0000-1225,21.06,Espresso
2025/2/18,2025/2/18 17:10,card,ANON-0000-0000-1225,35.76,Cocoa
2025/2/18,2025/2/18 17:11,card,ANON-0000-0000-1225,35.76,Cocoa
2025/2/18,2025/2/18 19:36,card,ANON-0000-0000-1226,35.76,Cocoa
2025/2/18,2025/2/18 20:06,card,ANON-0000-0000-1185,35.76,Cocoa
2025/2/18,2025/2/18 20:58,card,ANON-0000-0000-1212,35.76,Hot Chocolate
2025/2/18,2025/2/18 21:02,card,ANON-0000-0000-1222,30.86,Americano with Milk
2025/2/19,2025/2/19 8:08,card,ANON-0000-0000-1161,35.76,Cappuccino
2025/2/19,2025/2/19 8:09,card,ANON-0000-0000-1152,25.96,Americano
2025/2/19,2025/2/19 8:47,card,ANON-0000-0000-1170,25.96,Americano
2025/2/19,2025/2/19 9:24,card,ANON-0000-0000-1220,35.76,Cappuccino
2025/2/19,2025/2/19 10:09,card,ANON-0000-0000-1167,25.96,Americano
2025/2/19,2025/2/19 10:19,card,ANON-0000-0000-1227,35.76,Hot Chocolate
2025/2/19,2025/2/19 10:40,card,ANON-0000-0000-1207,30.86,Americano with Milk
2025/2/19,2025/2/19 12:45,card,ANON-0000-0000-1198,25.96,Americano
2025/2/19,2025/2/19 12:46,card,ANON-0000-0000-1168,35.76,Cocoa
2025/2/19,2025/2/19 13:06,card,ANON-0000-0000-1171,25.96,Americano
2025/2/19,2025/2/19 15:50,card,ANON-0000-0000-1158,35.76,Cappuccino
2025/2/19,2025/2/19 17:04,card,ANON-0000-0000-1110,25.96,Americano
2025/2/19,2025/2/19 17:34,card,ANON-0000-0000-1158,35.76,Cappuccino
2025/2/19,2025/2/19 17:57,card,ANON-0000-0000-1217,30.86,Americano with Milk
2025/2/19,2025/2/19 18:35,card,ANON-0000-0000-1228,35.76,Cappuccino
2025/2/19,2025/2/19 19:01,card,ANON-0000-0000-1229,35.76,Latte
2025/2/19,2025/2/19 19:11,card,ANON-0000-0000-1179,35.76,Cocoa
2025/2/19,2025/2/19 19:12,card,ANON-0000-0000-1179,35.76,Hot Chocolate
2025/2/19,2025/2/19 19:26,card,ANON-0000-0000-1191,35.76,Latte
2025/2/19,2025/2/19 20:05,card,ANON-0000-0000-1182,35.76,Cocoa
2025/2/20,2025/2/20 7:56,card,ANON-0000-0000-1161,35.76,Cappuccino
2025/2/20,2025/2/20 9:17,card,ANON-0000-0000-1167,25.96,Americano
2025/2/20,2025/2/20 10:16,card,ANON-0000-0000-1163,35.76,Cappuccino
2025/2/20,2025/2/20 10:17,card,ANON-0000-0000-1163,25.96,Americano
2025/2/20,2025/2/20 10:20,card,ANON-0000-0000-1167,25.96,Americano
2025/2/20,2025/2/20 10:24,card,ANON-0000-0000-1198,25.96,Americano
2025/2/20,2025/2/20 13:02,card,ANON-0000-0000-1203,30.86,Americano with Milk
2025/2/20,2025/2/20 14:20,card,ANON-0000-0000-1196,35.76,Latte
2025/2/20,2025/2/20 14:38,card,ANON-0000-0000-1163,25.96,Americano
2025/2/20,2025/2/20 14:38,card,ANON-0000-0000-1163,25.96,Americano
2025/2/20,2025/2/20 15:19,card,ANON-0000-0000-1230,21.06,Espresso
2025/2/20,2025/2/20 16:05,card,ANON-0000-0000-1156,35.76,Cappuccino
2025/2/20,2025/2/20 16:59,card,ANON-0000-0000-1231,35.76,Cappuccino
2025/2/20,2025/2/20 17:00,card,ANON-0000-0000-1231,35.76,Hot Chocolate
2025/2/20,2025/2/20 17:07,card,ANON-0000-0000-1163,25.96,Americano
2025/2/20,2025/2/20 18:57,card,ANON-0000-0000-1232,25.96,Americano
2025/2/20,2025/2/20 19:01,card,ANON-0000-0000-1233,35.76,Hot Chocolate
2025/2/20,2025/2/20 19:07,card,ANON-0000-0000-1234,35.76,Cocoa
2025/2/20,2025/2/20 20:07,card,ANON-0000-0000-1169,35.76,Latte
2025/2/21,2025/2/21 6:59,card,ANON-0000-0000-1163,25.96,Americano
2025/2/21,2025/2/21 9:41,card,ANON-0000-0000-1235,35.76,Latte
2025/2/21,2025/2/21 9:49,card,ANON-0000-0000-1236,35.76,Cappuccino
2025/2/21,2025/2/21 9:51,card,ANON-0000-0000-1237,21.06,Espresso
2025/2/21,2025/2/21 10:18,card,ANON-0000-0000-1232,25.96,Americano
2025/2/21,2025/2/21 11:10,card,ANON-0000-0000-1163,30.86,Americano with Milk
2025/2/21,2025/2/21 12:04,card,ANON-0000-0000-1110,25.96,Americano
2025/2/21,2025/2/21 12:07,card,ANON-0000-0000-1238,25.96,Americano
2025/2/21,2025/2/21 12:56,card,ANON-0000-0000-1198,25.96,Americano
2025/2/21,2025/2/21 12:57,card,ANON-0000-0000-1167,25.96,Americano
2025/2/21,2025/2/21 13:06,card,ANON-0000-0000-1203,25.96,Americano
2025/2/21,2025/2/21 14:17,card,ANON-0000-0000-1203,25.96,Americano
2025/2/21,2025/2/21 15:18,card,ANON-0000-0000-1161,35.76,Cappuccino
2025/2/21,2025/2/21 15:45,card,ANON-0000-0000-1163,25.96,Americano
2025/2/21,2025/2/21 15:46,card,ANON-0000-0000-1163,25.96,Americano
2025/2/21,2025/2/21 15:52,card,ANON-0000-0000-1203,25.96,Americano
2025/2/21,2025/2/21 16:10,card,ANON-0000-0000-1239,35.76,Cocoa
2025/2/21,2025/2/21 16:46,card,ANON-0000-0000-1191,35.76,Latte
2025/2/21,2025/2/21 16:48,card,ANON-0000-0000-1165,35.76,Hot Chocolate
2025/2/21,2025/2/21 16:50,card,ANON-0000-0000-1165,35.76,Latte
2025/2/21,2025/2/21 19:08,card,ANON-0000-0000-1178,35.76,Cocoa
2025/2/21,2025/2/21 19:09,card,ANON-0000-0000-1178,35.76,Cocoa
2025/2/21,2025/2/21 19:59,card,ANON-0000-0000-1184,35.76,Cappuccino
2025/2/22,2025/2/22 10:52,card,ANON-0000-0000-1240,35.76,Hot Chocolate
2025/2/22,2025/2/22 11:28,card,ANON-0000-0000-1241,25.96,Americano
2025/2/22,2025/2/22 11:41,card,ANON-0000-0000-1190,25.96,Americano
2025/2/22,2025/2/22 12:59,card,ANON-0000-0000-0095,21.06,Espresso
2025/2/22,2025/2/22 15:03,card,ANON-0000-0000-1162,30.86,Americano with Milk
2025/2/23,2025/2/23 10:33,card,ANON-0000-0000-1156,30.86,Americano with Milk
2025/2/23,2025/2/23 12:52,card,ANON-0000-0000-1163,30.86,Americano with Milk
2025/2/23,2025/2/23 12:54,card,ANON-0000-0000-1163,30.86,Americano with Milk
2025/2/23,2025/2/23 13:50,card,ANON-0000-0000-1242,35.76,Cappuccino
2025/2/23,2025/2/23 14:02,card,ANON-0000-0000-1156,35.76,Cocoa
2025/2/23,2025/2/23 17:27,card,ANON-0000-0000-1243,25.96,Americano
2025/2/24,2025/2/24 9:14,card,ANON-0000-0000-1220,30.86,Americano with Milk
2025/2/24,2025/2/24 9:45,card,ANON-0000-0000-1244,35.76,Latte
2025/2/24,2025/2/24 10:02,card,ANON-0000-0000-1163,25.96,Americano
2025/2/24,2025/2/24 10:09,card,ANON-0000-0000-1245,30.86,Americano with Milk
2025/2/24,2025/2/24 10:10,card,ANON-0000-0000-1245,30.86,Americano with Milk
2025/2/24,2025/2/24 10:47,card,ANON-0000-0000-1244,35.76,Cocoa
2025/2/24,2025/2/24 12:58,card,ANON-0000-0000-1191,35.76,Latte
2025/2/24,2025/2/24 13:00,card,ANON-0000-0000-1191,35.76,Cocoa
2025/2/24,2025/2/24 15:40,card,ANON-0000-0000-1163,30.86,Americano with Milk
2025/2/24,2025/2/24 16:00,card,ANON-0000-0000-1246,35.76,Cocoa
2025/2/24,2025/2/24 16:10,card,ANON-0000-0000-1184,35.76,Cappuccino
2025/2/24,2025/2/24 16:28,card,ANON-0000-0000-1177,35.76,Latte
2025/2/24,2025/2/24 16:59,card,ANON-0000-0000-1170,25.96,Americano
2025/2/24,2025/2/24 17:00,card,ANON-0000-0000-1170,25.96,Americano
2025/2/24,2025/2/24 17:37,card,ANON-0000-0000-1222,30.86,Americano with Milk
2025/2/24,2025/2/24 18:07,card,ANON-0000-0000-1162,30.86,Americano with Milk
2025/2/24,2025/2/24 18:21,card,ANON-0000-0000-1191,35.76,Latte
2025/2/24,2025/2/24 19:04,card,ANON-0000-0000-0878,30.86,Americano with Milk
2025/2/24,2025/2/24 19:24,card,ANON-0000-0000-1179,35.76,Hot Chocolate
2025/2/24,2025/2/24 19:24,card,ANON-0000-0000-1247,35.76,Latte
2025/2/24,2025/2/24 19:26,card,ANON-0000-0000-1179,35.76,Cocoa
2025/2/24,2025/2/24 20:14,card,ANON-0000-0000-1156,35.76,Cocoa
2025/2/25,2025/2/25 8:00,card,ANON-0000-0000-1153,30.86,Americano with Milk
2025/2/25,2025/2/25 8:49,card,ANON-0000-0000-1152,25.96,Americano
2025/2/25,2025/2/25 8:50,card,ANON-0000-0000-1152,30.86,Americano with Milk
2025/2/25,2025/2/25 10:02,card,ANON-0000-0000-1237,21.06,Espresso
2025/2/25,2025/2/25 11:03,card,ANON-0000-0000-1170,25.96,Americano
2025/2/25,2025/2/25 11:04,card,ANON-0000-0000-1152,25.96,Americano
2025/2/25,2025/2/25 12:20,card,ANON-0000-0000-1184,35.76,Cappuccino
2025/2/25,2025/2/25 14:14,card,ANON-0000-0000-1161,35.76,Cappuccino
2025/2/25,2025/2/25 16:49,card,ANON-0000-0000-0019,25.96,Americano
2025/2/25,2025/2/25 16:50,card,ANON-0000-0000-0019,25.96,Americano
2025/2/25,2025/2/25 18:19,card,ANON-0000-0000-1234,35.76,Cocoa
2025/2/25,2025/2/25 19:32,card,ANON-0000-0000-1152,35.76,Cappuccino
2025/2/26,2025/2/26 8:57,card,ANON-0000-0000-1170,25.96,Americano
2025/2/26,2025/2/26 10:11,card,ANON-0000-0000-1248,30.86,Americano with Milk
2025/2/26,2025/2/26 10:12,card,ANON-0000-0000-1248,30.86,Americano with Milk
2025/2/26,2025/2/26 10:16,card,ANON-0000-0000-1155,35.76,Hot Chocolate
2025/2/26,2025/2/26 13:13,card,ANON-0000-0000-1168,35.76,Cocoa
2025/2/26,2025/2/26 13:31,card,ANON-0000-0000-1191,35.76,Latte
2025/2/26,2025/2/26 15:01,card,ANON-0000-0000-1110,25.96,Americano
2025/2/26,2025/2/26 15:14,card,ANON-0000-0000-1249,25.96,Americano
2025/2/26,2025/2/26 15:17,card,ANON-0000-0000-1247,25.96,Cortado
2025/2/26,2025/2/26 15:20,card,ANON-0000-0000-1250,35.76,Hot Chocolate
2025/2/26,2025/2/26 15:20,card,ANON-0000-0000-1250,25.96,Americano
2025/2/26,2025/2/26 15:28,card,ANON-0000-0000-1190,25.96,Americano
2025/2/26,2025/2/26 16:20,card,ANON-0000-0000-1164,35.76,Latte
2025/2/26,2025/2/26 16:55,card,ANON-0000-0000-1165,35.76,Hot Chocolate
2025/2/26,2025/2/26 16:56,card,ANON-0000-0000-1191,35.76,Latte
2025/2/26,2025/2/26 17:22,card,ANON-0000-0000-1166,30.86,Americano with Milk
2025/2/26,2025/2/26 18:11,card,ANON-0000-0000-1163,35.76,Latte
2025/2/26,2025/2/26 18:13,card,ANON-0000-0000-1163,35.76,Cappuccino
2025/2/27,2025/2/27 7:19,card,ANON-0000-0000-1163,35.76,Cappuccino
2025/2/27,2025/2/27 7:21,card,ANON-0000-0000-1161,35.76,Cappuccino
2025/2/27,2025/2/27 10:52,card,ANON-0000-0000-1237,21.06,Espresso
2025/2/27,2025/2/27 11:08,card,ANON-0000-0000-1168,35.76,Cocoa
2025/2/27,2025/2/27 12:48,card,ANON-0000-0000-1251,35.76,Cocoa
2025/2/27,2025/2/27 13:29,card,ANON-0000-0000-1252,30.86,Americano with Milk
2025/2/27,2025/2/27 14:23,card,ANON-0000-0000-1163,25.96,Americano
2025/2/27,2025/2/27 14:43,card,ANON-0000-0000-1253,35.76,Latte
2025/2/27,2025/2/27 15:47,card,ANON-0000-0000-1170,25.96,Americano
2025/2/27,2025/2/27 16:28,card,ANON-0000-0000-1170,25.96,Americano
2025/2/27,2025/2/27 17:12,card,ANON-0000-0000-1190,25.96,Americano
2025/2/27,2025/2/27 17:23,card,ANON-0000-0000-1170,25.96,Americano
2025/2/27,2025/2/27 17:53,card,ANON-0000-0000-1254,35.76,Latte
2025/2/27,2025/2/27 18:17,card,ANON-0000-0000-1208,35.76,Latte
2025/2/27,2025/2/27 18:38,card,ANON-0000-0000-1184,35.76,Cappuccino
2025/2/27,2025/2/27 18:40,card,ANON-0000-0000-1179,35.76,Cocoa
2025/2/27,2025/2/27 18:40,card,ANON-0000-0000-1179,35.76,Cocoa
2025/2/27,2025/2/27 19:14,card,ANON-0000-0000-1215,35.76,Latte
2025/2/27,2025/2/27 20:02,card,ANON-0000-0000-0046,35.76,Cappuccino
2025/2/28,2025/2/28 6:52,card,ANON-0000-0000-1163,30.86,Americano with Milk
2025/2/28,2025/2/28 6:55,card,ANON-0000-0000-1163,30.86,Americano with Milk
2025/2/28,2025/2/28 7:18,card,ANON-0000-0000-1161,35.76,Cappuccino
2025/2/28,2025/2/28 8:09,card,ANON-0000-0000-1255,21.06,Espresso
2025/2/28,2025/2/28 9:02,card,ANON-0000-0000-1162,30.86,Americano with Milk
2025/2/28,2025/2/28 14:44,card,ANON-0000-0000-1110,25.96,Americano
2025/2/28,2025/2/28 14:45,card,ANON-0000-0000-1110,25.96,Americano
2025/2/28,2025/2/28 14:47,card,ANON-0000-0000-1163,25.96,Americano
2025/2/28,2025/2/28 14:52,card,ANON-0000-0000-1191,35.76,Latte
2025/2/28,2025/2/28 15:19,card,ANON-0000-0000-1110,25.96,Americano
2025/2/28,2025/2/28 16:22,card,ANON-0000-0000-1156,35.76,Cocoa
2025/2/28,2025/2/28 16:30,card,ANON-0000-0000-1170,25.96,Americano
2025/2/28,2025/2/28 17:21,card,ANON-0000-0000-1191,35.76,Latte
2025/2/28,2025/2/28 17:31,card,ANON-0000-0000-1256,30.86,Americano with Milk
2025/2/28,2025/2/28 17:32,card,ANON-0000-0000-1170,25.96,Americano
2025/2/28,2025/2/28 17:33,card,ANON-0000-0000-1190,25.96,Americano
2025/2/28,2025/2/28 18:53,card,ANON-0000-0000-1257,35.76,Latte
2025/3/1,2025/3/1 10:31,card,ANON-0000-0000-1184,35.76,Cappuccino
2025/3/1,2025/3/1 11:24,card,ANON-0000-0000-1190,25.96,Americano
2025/3/1,2025/3/1 11:27,card,ANON-0000-0000-1198,25.96,Americano
2025/3/1,2025/3/1 14:43,card,ANON-0000-0000-1254,35.76,Latte
2025/3/1,2025/3/1 15:02,card,ANON-0000-0000-1152,25.96,Americano
2025/3/1,2025/3/1 15:08,card,ANON-0000-0000-1157,30.86,Americano with Milk
2025/3/1,2025/3/1 16:42,card,ANON-0000-0000-1184,35.76,Cappuccino
2025/3/1,2025/3/1 17:08,card,ANON-0000-0000-1258,25.96,Americano
2025/3/2,2025/3/2 9:58,card,ANON-0000-0000-1163,35.76,Cocoa
2025/3/2,2025/3/2 12:17,card,ANON-0000-0000-1189,35.76,Latte
2025/3/2,2025/3/2 13:36,card,ANON-0000-0000-1217,30.86,Americano with Milk
2025/3/2,2025/3/2 15:22,card,ANON-0000-0000-1152,30.86,Americano with Milk
2025/3/2,2025/3/2 15:23,card,ANON-0000-0000-1152,25.96,Americano
2025/3/2,2025/3/2 15:24,card,ANON-0000-0000-1190,25.96,Americano
2025/3/3,2025/3/3 8:24,card,ANON-0000-0000-1161,35.76,Cappuccino
2025/3/3,2025/3/3 9:46,card,ANON-0000-0000-1244,35.76,Cocoa
2025/3/3,2025/3/3 9:48,card,ANON-0000-0000-1244,35.76,Latte
2025/3/3,2025/3/3 10:21,card,ANON-0000-0000-1227,35.76,Hot Chocolate
2025/3/3,2025/3/3 10:24,card,ANON-0000-0000-1259,35.76,Hot Chocolate
2025/3/3,2025/3/3 12:58,card,ANON-0000-0000-1184,35.76,Cappuccino
2025/3/3,2025/3/3 15:11,card,ANON-0000-0000-1191,35.76,Latte
2025/3/3,2025/3/3 15:47,card,ANON-0000-0000-1167,25.96,Americano
2025/3/3,2025/3/3 16:14,card,ANON-0000-0000-1196,35.76,Cocoa
2025/3/3,2025/3/3 16:16,card,ANON-0000-0000-1191,35.76,Latte
2025/3/3,2025/3/3 16:18,card,ANON-0000-0000-1164,35.76,Latte
2025/3/3,2025/3/3 16:40,card,ANON-0000-0000-1158,35.76,Cappuccino
2025/3/3,2025/3/3 16:42,card,ANON-0000-0000-1158,35.76,Cappuccino
2025/3/3,2025/3/3 16:52,card,ANON-0000-0000-1170,25.96,Americano
2025/3/3,2025/3/3 17:28,card,ANON-0000-0000-1256,30.86,Americano with Milk
2025/3/3,2025/3/3 17:31,card,ANON-0000-0000-1198,25.96,Americano
2025/3/3,2025/3/3 17:32,card,ANON-0000-0000-1198,35.76,Hot Chocolate
2025/3/3,2025/3/3 17:32,card,ANON-0000-0000-1198,25.96,Americano
2025/3/3,2025/3/3 17:57,card,ANON-0000-0000-1179,35.76,Hot Chocolate
2025/3/3,2025/3/3 17:58,card,ANON-0000-0000-1178,35.76,Hot Chocolate
2025/3/3,2025/3/3 18:03,card,ANON-0000-0000-1162,30.86,Americano with Milk
2025/3/3,2025/3/3 18:46,card,ANON-0000-0000-1257,35.76,Latte
2025/3/4,2025/3/4 7:19,card,ANON-0000-0000-1161,35.76,Cappuccino
2025/3/4,2025/3/4 7:31,card,ANON-0000-0000-1163,25.96,Americano
2025/3/4,2025/3/4 8:51,card,ANON-0000-0000-1187,30.86,Americano with Milk
2025/3/4,2025/3/4 9:09,card,ANON-0000-0000-1163,25.96,Americano
2025/3/4,2025/3/4 9:10,card,ANON-0000-0000-1163,25.96,Americano
2025/3/4,2025/3/4 9:58,card,ANON-0000-0000-1260,25.96,Americano
2025/3/4,2025/3/4 11:04,card,ANON-0000-0000-1222,30.86,Americano with Milk
2025/3/4,2025/3/4 11:05,card,ANON-0000-0000-1176,25.96,Americano
2025/3/4,2025/3/4 11:46,card,ANON-0000-0000-1167,25.96,Americano
2025/3/4,2025/3/4 11:47,card,ANON-0000-0000-1167,25.96,Americano
2025/3/4,2025/3/4 11:51,card,ANON-0000-0000-1110,25.96,Americano
2025/3/4,2025/3/4 12:25,card,ANON-0000-0000-1189,35.76,Cocoa
2025/3/4,2025/3/4 16:48,card,ANON-0000-0000-1167,25.96,Americano
2025/3/4,2025/3/4 18:43,card,ANON-0000-0000-1234,35.76,Cocoa
2025/3/4,2025/3/4 19:10,card,ANON-0000-0000-1174,35.76,Latte
2025/3/4,2025/3/4 20:09,card,ANON-0000-0000-1246,35.76,Latte
2025/3/5,2025/3/5 8:39,card,ANON-0000-0000-1163,30.86,Americano with Milk
2025/3/5,2025/3/5 9:38,card,ANON-0000-0000-1167,25.96,Americano
2025/3/5,2025/3/5 10:01,card,ANON-0000-0000-1198,25.96,Americano
2025/3/5,2025/3/5 10:02,card,ANON-0000-0000-1198,25.96,Americano
2025/3/5,2025/3/5 10:10,card,ANON-0000-0000-1261,35.76,Cappuccino
2025/3/5,2025/3/5 10:40,card,ANON-0000-0000-1248,30.86,Americano with Milk
2025/3/5,2025/3/5 11:08,card,ANON-0000-0000-1184,35.76,Cappuccino
2025/3/5,2025/3/5 11:10,card,ANON-0000-0000-1262,35.76,Cocoa
2025/3/5,2025/3/5 11:38,card,ANON-0000-0000-1198,25.96,Americano
2025/3/5,2025/3/5 11:41,card,ANON-0000-0000-1167,25.96,Americano
2025/3/5,2025/3/5 12:12,card,ANON-0000-0000-1110,25.96,Americano
2025/3/5,2025/3/5 15:07,card,ANON-0000-0000-1191,35.76,Latte
2025/3/5,2025/3/5 15:21,card,ANON-0000-0000-1164,35.76,Latte
2025/3/5,2025/3/5 15:25,card,ANON-0000-0000-1165,35.76,Hot Chocolate
2025/3/5,2025/3/5 17:09,card,ANON-0000-0000-1222,30.86,Americano with Milk
2025/3/5,2025/3/5 17:16,card,ANON-0000-0000-1263,21.06,Espresso
2025/3/5,2025/3/5 17:31,card,ANON-0000-0000-1191,35.76,Latte
2025/3/5,2025/3/5 18:13,card,ANON-0000-0000-1158,35.76,Cappuccino
2025/3/5,2025/3/5 19:02,card,ANON-0000-0000-1264,35.76,Cocoa
2025/3/6,2025/3/6 9:33,card,ANON-0000-0000-1210,35.76,Hot Chocolate
2025/3/6,2025/3/6 9:35,card,ANON-0000-0000-1207,21.06,Espresso
2025/3/6,2025/3/6 10:48,card,ANON-0000-0000-1207,30.86,Americano with Milk
2025/3/6,2025/3/6 10:56,card,ANON-0000-0000-1163,25.96,Americano
2025/3/6,2025/3/6 10:57,card,ANON-0000-0000-1163,25.96,Americano
2025/3/6,2025/3/6 11:05,card,ANON-0000-0000-1198,25.96,Americano
2025/3/6,2025/3/6 11:17,card,ANON-0000-0000-1265,35.76,Cappuccino
2025/3/6,2025/3/6 13:51,card,ANON-0000-0000-1215,35.76,Latte
2025/3/6,2025/3/6 16:06,card,ANON-0000-0000-1216,30.86,Americano with Milk
2025/3/6,2025/3/6 17:49,card,ANON-0000-0000-1163,35.76,Cocoa
2025/3/6,2025/3/6 18:27,card,ANON-0000-0000-1158,35.76,Cappuccino
2025/3/6,2025/3/6 19:22,card,ANON-0000-0000-1153,30.86,Americano with Milk
2025/3/7,2025/3/7 7:05,card,ANON-0000-0000-1161,35.76,Cappuccino
2025/3/7,2025/3/7 8:45,card,ANON-0000-0000-1110,25.96,Americano
2025/3/7,2025/3/7 8:46,card,ANON-0000-0000-1110,25.96,Americano
2025/3/7,2025/3/7 9:02,card,ANON-0000-0000-1163,25.96,Americano
2025/3/7,2025/3/7 10:09,card,ANON-0000-0000-1155,35.76,Hot Chocolate
2025/3/7,2025/3/7 10:26,card,ANON-0000-0000-1266,30.86,Americano with Milk
2025/3/7,2025/3/7 10:27,card,ANON-0000-0000-1266,30.86,Americano with Milk
2025/3/7,2025/3/7 10:41,card,ANON-0000-0000-1262,35.76,Cocoa
2025/3/7,2025/3/7 11:50,card,ANON-0000-0000-1189,35.76,Cocoa
2025/3/7,2025/3/7 12:03,card,ANON-0000-0000-1157,30.86,Americano with Milk
2025/3/7,2025/3/7 13:43,card,ANON-0000-0000-1210,35.76,Hot Chocolate
2025/3/7,2025/3/7 13:55,card,ANON-0000-0000-1260,25.96,Americano
2025/3/7,2025/3/7 14:53,card,ANON-0000-0000-1184,35.76,Cappuccino
2025/3/7,2025/3/7 15:09,card,ANON-0000-0000-1191,35.76,Latte
2025/3/7,2025/3/7 15:52,card,ANON-0000-0000-1164,35.76,Latte
2025/3/7,2025/3/7 17:10,card,ANON-0000-0000-1191,35.76,Latte
2025/3/7,2025/3/7 17:12,card,ANON-0000-0000-1165,35.76,Hot Chocolate
2025/3/8,2025/3/8 9:23,card,ANON-0000-0000-1207,30.86,Americano with Milk
2025/3/8,2025/3/8 9:41,card,ANON-0000-0000-1162,30.86,Americano with Milk
2025/3/8,2025/3/8 10:54,card,ANON-0000-0000-1163,25.96,Americano
2025/3/8,2025/3/8 11:19,card,ANON-0000-0000-1190,25.96,Americano
2025/3/8,2025/3/8 11:20,card,ANON-0000-0000-1190,25.96,Americano
2025/3/8,2025/3/8 12:41,card,ANON-0000-0000-1267,30.86,Americano with Milk
2025/3/8,2025/3/8 12:45,card,ANON-0000-0000-1110,25.96,Americano
2025/3/8,2025/3/8 13:40,card,ANON-0000-0000-1162,35.76,Cappuccino
2025/3/9,2025/3/9 9:42,card,ANON-0000-0000-1268,21.06,Espresso
2025/3/9,2025/3/9 11:25,card,ANON-0000-0000-1269,30.86,Americano with Milk
2025/3/9,2025/3/9 13:51,card,ANON-0000-0000-1184,35.76,Cappuccino
2025/3/9,2025/3/9 14:18,card,ANON-0000-0000-1163,25.96,Americano
2025/3/9,2025/3/9 15:12,card,ANON-0000-0000-1153,35.76,Cappuccino
2025/3/9,2025/3/9 15:39,card,ANON-0000-0000-1110,25.96,Americano
2025/3/9,2025/3/9 15:52,card,ANON-0000-0000-1217,30.86,Americano with Milk
2025/3/9,2025/3/9 15:53,card,ANON-0000-0000-1270,35.76,Cocoa
2025/3/10,2025/3/10 8:34,card,ANON-0000-0000-1271,25.96,Americano
2025/3/10,2025/3/10 8:35,card,ANON-0000-0000-1271,35.76,Latte
2025/3/10,2025/3/10 9:06,card,ANON-0000-0000-1153,30.86,Americano with Milk
2025/3/10,2025/3/10 9:19,card,ANON-0000-0000-1210,35.76,Hot Chocolate
2025/3/10,2025/3/10 9:50,card,ANON-0000-0000-1272,35.76,Cocoa
2025/3/10,2025/3/10 10:18,card,ANON-0000-0000-1273,35.76,Hot Chocolate
2025/3/10,2025/3/10 12:36,card,ANON-0000-0000-1171,25.96,Americano
2025/3/10,2025/3/10 15:32,card,ANON-0000-0000-1170,25.96,Americano
2025/3/10,2025/3/10 15:41,card,ANON-0000-0000-1212,35.76,Hot Chocolate
2025/3/10,2025/3/10 16:18,card,ANON-0000-0000-1191,35.76,Latte
2025/3/10,2025/3/10 16:18,card,ANON-0000-0000-1165,35.76,Latte
2025/3/10,2025/3/10 16:24,card,ANON-0000-0000-1274,35.76,Cappuccino
2025/3/10,2025/3/10 16:25,card,ANON-0000-0000-1274,30.86,Americano with Milk
2025/3/10,2025/3/10 18:15,card,ANON-0000-0000-1170,25.96,Americano
2025/3/10,2025/3/10 18:48,card,ANON-0000-0000-1257,35.76,Latte
2025/3/10,2025/3/10 18:49,card,ANON-0000-0000-1257,35.76,Latte
2025/3/10,2025/3/10 19:26,card,ANON-0000-0000-1157,30.86,Americano with Milk
2025/3/11,2025/3/11 8:46,card,ANON-0000-0000-1170,25.96,Americano
2025/3/11,2025/3/11 9:12,card,ANON-0000-0000-1163,35.76,Cappuccino
2025/3/11,2025/3/11 9:27,card,ANON-0000-0000-1275,35.76,Latte
2025/3/11,2025/3/11 10:26,card,ANON-0000-0000-1170,25.96,Americano
2025/3/11,2025/3/11 12:33,card,ANON-0000-0000-1170,25.96,Americano
2025/3/11,2025/3/11 13:16,card,ANON-0000-0000-1171,25.96,Americano
2025/3/11,2025/3/11 16:29,card,ANON-0000-0000-1276,35.76,Hot Chocolate
2025/3/11,2025/3/11 16:30,card,ANON-0000-0000-1276,35.76,Cocoa
2025/3/11,2025/3/11 16:49,card,ANON-0000-0000-1210,35.76,Hot Chocolate
2025/3/11,2025/3/11 17:46,card,ANON-0000-0000-1184,35.76,Cappuccino
2025/3/11,2025/3/11 18:56,card,ANON-0000-0000-1157,30.86,Americano with Milk
2025/3/11,2025/3/11 19:07,card,ANON-0000-0000-1209,35.76,Latte
2025/3/11,2025/3/11 20:08,card,ANON-0000-0000-1185,35.76,Cocoa
2025/3/12,2025/3/12 11:11,card,ANON-0000-0000-1277,35.76,Cocoa
2025/3/12,2025/3/12 11:47,card,ANON-0000-0000-1161,30.86,Americano with Milk
2025/3/12,2025/3/12 11:50,card,ANON-0000-0000-1161,35.76,Cappuccino
2025/3/12,2025/3/12 11:55,card,ANON-0000-0000-1163,25.96,Americano
2025/3/12,2025/3/12 11:56,card,ANON-0000-0000-1163,25.96,Americano
2025/3/12,2025/3/12 12:06,card,ANON-0000-0000-1278,25.96,Americano
2025/3/12,2025/3/12 12:55,card,ANON-0000-0000-1279,35.76,Hot Chocolate
2025/3/12,2025/3/12 13:01,card,ANON-0000-0000-1280,35.76,Latte
2025/3/12,2025/3/12 13:56,card,ANON-0000-0000-1199,35.76,Latte
2025/3/12,2025/3/12 16:27,card,ANON-0000-0000-1281,35.76,Cappuccino
2025/3/12,2025/3/12 16:35,card,ANON-0000-0000-1191,35.76,Latte
2025/3/12,2025/3/12 16:36,card,ANON-0000-0000-1165,35.76,Latte
2025/3/12,2025/3/12 18:10,card,ANON-0000-0000-1170,25.96,Americano
2025/3/12,2025/3/12 18:17,card,ANON-0000-0000-1264,35.76,Cocoa
2025/3/12,2025/3/12 18:24,card,ANON-0000-0000-1282,25.96,Americano
2025/3/12,2025/3/12 18:38,card,ANON-0000-0000-1158,35.76,Cappuccino
2025/3/12,2025/3/12 18:42,card,ANON-0000-0000-1170,25.96,Americano
2025/3/13,2025/3/13 7:01,card,ANON-0000-0000-1161,35.76,Cappuccino
2025/3/13,2025/3/13 8:23,card,ANON-0000-0000-1153,30.86,Americano with Milk
2025/3/13,2025/3/13 9:04,card,ANON-0000-0000-1163,30.86,Americano with Milk
2025/3/13,2025/3/13 9:20,card,ANON-0000-0000-1168,35.76,Latte
2025/3/13,2025/3/13 9:22,card,ANON-0000-0000-1207,21.06,Espresso
2025/3/13,2025/3/13 9:38,card,ANON-0000-0000-1283,25.96,Americano
2025/3/13,2025/3/13 9:39,card,ANON-0000-0000-1284,30.86,Americano with Milk
2025/3/13,2025/3/13 11:18,card,ANON-0000-0000-1167,25.96,Americano
2025/3/13,2025/3/13 12:13,card,ANON-0000-0000-1191,35.76,Latte
2025/3/13,2025/3/13 14:53,card,ANON-0000-0000-1285,30.86,Americano with Milk
2025/3/13,2025/3/13 14:55,card,ANON-0000-0000-1194,25.96,Americano
2025/3/13,2025/3/13 18:47,card,ANON-0000-0000-1158,35.76,Cappuccino
2025/3/14,2025/3/14 7:55,card,ANON-0000-0000-1170,25.96,Americano
2025/3/14,2025/3/14 8:13,card,ANON-0000-0000-1286,30.86,Americano with Milk
2025/3/14,2025/3/14 8:59,card,ANON-0000-0000-1271,25.96,Americano
2025/3/14,2025/3/14 9:00,card,ANON-0000-0000-1287,35.76,Latte
2025/3/14,2025/3/14 9:26,card,ANON-0000-0000-1207,21.06,Espresso
2025/3/14,2025/3/14 9:28,card,ANON-0000-0000-1170,25.96,Americano
2025/3/14,2025/3/14 10:20,card,ANON-0000-0000-1110,25.96,Americano
2025/3/14,2025/3/14 10:48,card,ANON-0000-0000-1288,35.76,Latte
2025/3/14,2025/3/14 10:49,card,ANON-0000-0000-1288,35.76,Cappuccino
2025/3/14,2025/3/14 14:35,card,ANON-0000-0000-1170,25.96,Americano
2025/3/14,2025/3/14 14:36,card,ANON-0000-0000-1165,35.76,Latte
2025/3/14,2025/3/14 15:54,card,ANON-0000-0000-1191,35.76,Latte
2025/3/14,2025/3/14 15:55,card,ANON-0000-0000-1165,35.76,Latte
2025/3/14,2025/3/14 16:27,card,ANON-0000-0000-1170,25.96,Americano
2025/3/14,2025/3/14 16:31,card,ANON-0000-0000-1276,35.76,Cocoa
2025/3/14,2025/3/14 16:31,card,ANON-0000-0000-1289,35.76,Cocoa
2025/3/14,2025/3/14 16:32,card,ANON-0000-0000-1289,35.76,Cocoa
2025/3/14,2025/3/14 17:05,card,ANON-0000-0000-1290,25.96,Americano
2025/3/14,2025/3/14 17:22,card,ANON-0000-0000-1167,25.96,Americano
2025/3/14,2025/3/14 17:27,card,ANON-0000-0000-1191,35.76,Latte
2025/3/14,2025/3/14 17:28,card,ANON-0000-0000-1165,35.76,Latte
2025/3/14,2025/3/14 20:20,card,ANON-0000-0000-1291,25.96,Americano
2025/3/14,2025/3/14 21:40,card,ANON-0000-0000-1214,25.96,Americano
2025/3/15,2025/3/15 9:53,card,ANON-0000-0000-1163,30.86,Americano with Milk
2025/3/15,2025/3/15 10:03,card,ANON-0000-0000-1158,35.76,Cappuccino
2025/3/15,2025/3/15 13:55,card,ANON-0000-0000-1167,25.96,Americano
2025/3/15,2025/3/15 17:10,card,ANON-0000-0000-0046,35.76,Cappuccino
2025/3/15,2025/3/15 17:12,card,ANON-0000-0000-1152,30.86,Americano with Milk
2025/3/15,2025/3/15 19:30,card,ANON-0000-0000-1217,30.86,Americano with Milk
2025/3/15,2025/3/15 19:51,card,ANON-0000-0000-1292,35.76,Cappuccino
2025/3/16,2025/3/16 9:32,card,ANON-0000-0000-1161,35.76,Cappuccino
2025/3/16,2025/3/16 9:36,card,ANON-0000-0000-1293,30.86,Americano with Milk
2025/3/16,2025/3/16 10:50,card,ANON-0000-0000-1294,35.76,Latte
2025/3/16,2025/3/16 12:00,card,ANON-0000-0000-1294,35.76,Hot Chocolate
2025/3/16,2025/3/16 14:22,card,ANON-0000-0000-1170,25.96,Americano
2025/3/17,2025/3/17 6:54,card,ANON-0000-0000-1163,25.96,Americano
2025/3/17,2025/3/17 8:09,card,ANON-0000-0000-1110,25.96,Americano
2025/3/17,2025/3/17 8:18,card,ANON-0000-0000-1110,25.96,Americano
2025/3/17,2025/3/17 9:02,card,ANON-0000-0000-1153,30.86,Americano with Milk
2025/3/17,2025/3/17 10:32,card,ANON-0000-0000-1163,25.96,Americano
2025/3/17,2025/3/17 13:59,card,ANON-0000-0000-1203,25.96,Americano
2025/3/17,2025/3/17 14:21,card,ANON-0000-0000-1276,35.76,Cocoa
2025/3/17,2025/3/17 14:22,card,ANON-0000-0000-1276,35.76,Cocoa
2025/3/17,2025/3/17 14:48,card,ANON-0000-0000-1295,35.76,Latte
2025/3/17,2025/3/17 15:11,card,ANON-0000-0000-1158,35.76,Cappuccino
2025/3/17,2025/3/17 15:47,card,ANON-0000-0000-1165,35.76,Latte
2025/3/17,2025/3/17 15:48,card,ANON-0000-0000-1191,35.76,Latte
2025/3/17,2025/3/17 16:46,card,ANON-0000-0000-1167,25.96,Americano
2025/3/18,2025/3/18 8:23,card,ANON-0000-0000-1296,30.86,Americano with Milk
2025/3/18,2025/3/18 8:33,card,ANON-0000-0000-1168,35.76,Latte
2025/3/18,2025/3/18 10:49,card,ANON-0000-0000-1215,35.76,Latte
2025/3/18,2025/3/18 10:51,card,ANON-0000-0000-1215,25.96,Americano
2025/3/18,2025/3/18 11:47,card,ANON-0000-0000-1297,35.76,Hot Chocolate
2025/3/18,2025/3/18 11:48,card,ANON-0000-0000-1297,35.76,Hot Chocolate
2025/3/18,2025/3/18 14:43,card,ANON-0000-0000-1293,30.86,Americano with Milk
2025/3/18,2025/3/18 15:03,card,ANON-0000-0000-1110,25.96,Americano
2025/3/18,2025/3/18 15:11,card,ANON-0000-0000-1166,30.86,Americano with Milk
2025/3/18,2025/3/18 16:09,card,ANON-0000-0000-1203,25.96,Americano
2025/3/18,2025/3/18 16:11,card,ANON-0000-0000-1165,35.76,Latte
2025/3/18,2025/3/18 16:23,card,ANON-0000-0000-1203,21.06,Espresso
2025/3/18,2025/3/18 18:42,card,ANON-0000-0000-1163,35.76,Cocoa
2025/3/18,2025/3/18 18:43,card,ANON-0000-0000-1163,35.76,Cocoa
2025/3/18,2025/3/18 20:00,card,ANON-0000-0000-1276,35.76,Cocoa
2025/3/18,2025/3/18 20:01,card,ANON-0000-0000-1276,35.76,Cocoa
2025/3/18,2025/3/18 21:20,card,ANON-0000-0000-1298,35.76,Latte
2025/3/19,2025/3/19 7:03,card,ANON-0000-0000-1152,25.96,Americano
2025/3/19,2025/3/19 7:04,card,ANON-0000-0000-0261,25.96,Americano
2025/3/19,2025/3/19 7:06,card,ANON-0000-0000-1161,35.76,Cappuccino
2025/3/19,2025/3/19 8:03,card,ANON-0000-0000-0019,25.96,Americano
2025/3/19,2025/3/19 10:18,card,ANON-0000-0000-1227,35.76,Hot Chocolate
2025/3/19,2025/3/19 11:55,card,ANON-0000-0000-1110,25.96,Americano
2025/3/19,2025/3/19 12:58,card,ANON-0000-0000-1299,25.96,Americano
2025/3/19,2025/3/19 15:12,card,ANON-0000-0000-1295,35.76,Latte
2025/3/19,2025/3/19 15:14,card,ANON-0000-0000-1300,35.76,Latte
2025/3/19,2025/3/19 16:19,card,ANON-0000-0000-1191,35.76,Latte
2025/3/19,2025/3/19 16:29,card,ANON-0000-0000-1167,25.96,Americano
2025/3/19,2025/3/19 16:40,card,ANON-0000-0000-1158,35.76,Cappuccino
2025/3/19,2025/3/19 16:42,card,ANON-0000-0000-1158,35.76,Cappuccino
2025/3/19,2025/3/19 16:51,card,ANON-0000-0000-1152,25.96,Americano
2025/3/19,2025/3/19 16:52,card,ANON-0000-0000-1110,25.96,Americano
2025/3/19,2025/3/19 17:00,card,ANON-0000-0000-1275,35.76,Cocoa
2025/3/19,2025/3/19 17:09,card,ANON-0000-0000-1219,30.86,Americano with Milk
2025/3/19,2025/3/19 17:27,card,ANON-0000-0000-1222,30.86,Americano with Milk
2025/3/19,2025/3/19 18:29,card,ANON-0000-0000-1301,25.96,Cortado
2025/3/19,2025/3/19 18:30,card,ANON-0000-0000-1302,21.06,Espresso
2025/3/19,2025/3/19 18:31,card,ANON-0000-0000-1303,21.06,Espresso
2025/3/20,2025/3/20 8:13,card,ANON-0000-0000-1304,30.86,Americano with Milk
2025/3/20,2025/3/20 9:52,card,ANON-0000-0000-1152,30.86,Americano with Milk
2025/3/20,2025/3/20 10:06,card,ANON-0000-0000-1293,30.86,Americano with Milk
2025/3/20,2025/3/20 10:45,card,ANON-0000-0000-1305,25.96,Americano
2025/3/20,2025/3/20 10:55,card,ANON-0000-0000-1110,25.96,Americano
2025/3/20,2025/3/20 12:48,card,ANON-0000-0000-1306,25.96,Americano
2025/3/20,2025/3/20 14:04,card,ANON-0000-0000-1152,25.96,Americano
2025/3/20,2025/3/20 14:20,card,ANON-0000-0000-1290,25.96,Americano
2025/3/20,2025/3/20 14:21,card,ANON-0000-0000-1290,21.06,Espresso
2025/3/20,2025/3/20 14:25,card,ANON-0000-0000-1307,25.96,Cortado
2025/3/20,2025/3/20 14:26,card,ANON-0000-0000-1308,35.76,Cappuccino
2025/3/20,2025/3/20 14:59,card,ANON-0000-0000-1161,35.76,Cappuccino
2025/3/20,2025/3/20 15:05,card,ANON-0000-0000-1170,25.96,Americano
2025/3/20,2025/3/20 15:21,card,ANON-0000-0000-1276,25.96,Americano
2025/3/20,2025/3/20 16:45,card,ANON-0000-0000-1158,35.76,Cappuccino
2025/3/20,2025/3/20 17:23,card,ANON-0000-0000-1309,25.96,Americano
2025/3/20,2025/3/20 18:55,card,ANON-0000-0000-1233,35.76,Hot Chocolate
2025/3/20,2025/3/20 19:36,card,ANON-0000-0000-1310,35.76,Cocoa
2025/3/20,2025/3/20 19:57,card,ANON-0000-0000-1158,35.76,Cappuccino
2025/3/20,2025/3/20 21:50,card,ANON-0000-0000-1298,35.76,Latte
2025/3/21,2025/3/21 7:06,card,ANON-0000-0000-1163,30.86,Americano with Milk
2025/3/21,2025/3/21 7:09,card,ANON-0000-0000-1163,30.86,Americano with Milk
2025/3/21,2025/3/21 8:16,card,ANON-0000-0000-1306,25.96,Americano
2025/3/21,2025/3/21 8:28,card,ANON-0000-0000-1110,25.96,Americano
2025/3/21,2025/3/21 8:29,card,ANON-0000-0000-1110,25.96,Americano
2025/3/21,2025/3/21 8:35,card,ANON-0000-0000-1311,35.76,Cappuccino
2025/3/21,2025/3/21 11:50,card,ANON-0000-0000-1163,25.96,Americano
2025/3/21,2025/3/21 11:51,card,ANON-0000-0000-0019,35.76,Latte
2025/3/21,2025/3/21 13:02,card,ANON-0000-0000-1306,25.96,Americano
2025/3/21,2025/3/21 13:23,card,ANON-0000-0000-1275,35.76,Latte
2025/3/21,2025/3/21 14:11,card,ANON-0000-0000-1158,35.76,Cappuccino
2025/3/21,2025/3/21 15:09,card,ANON-0000-0000-1312,35.76,Cappuccino
2025/3/21,2025/3/21 15:24,card,ANON-0000-0000-1170,25.96,Americano
2025/3/21,2025/3/21 15:28,card,ANON-0000-0000-1110,35.76,Latte
2025/3/21,2025/3/21 15:29,card,ANON-0000-0000-1163,35.76,Cappuccino
2025/3/21,2025/3/21 17:01,card,ANON-0000-0000-1259,35.76,Hot Chocolate
2025/3/21,2025/3/21 17:21,card,ANON-0000-0000-1165,35.76,Latte
2025/3/21,2025/3/21 17:22,card,ANON-0000-0000-1191,35.76,Latte
2025/3/21,2025/3/21 18:52,card,ANON-0000-0000-0507,35.76,Latte
2025/3/21,2025/3/21 18:59,card,ANON-0000-0000-1170,25.96,Americano
2025/3/22,2025/3/22 9:05,card,ANON-0000-0000-1274,30.86,Americano with Milk
2025/3/22,2025/3/22 10:30,card,ANON-0000-0000-1152,30.86,Americano with Milk
2025/3/22,2025/3/22 11:14,card,ANON-0000-0000-1259,35.76,Hot Chocolate
2025/3/22,2025/3/22 11:41,card,ANON-0000-0000-1279,35.76,Cocoa
2025/3/22,2025/3/22 12:18,card,ANON-0000-0000-1313,30.86,Americano with Milk
2025/3/22,2025/3/22 12:26,card,ANON-0000-0000-1306,25.96,Americano
2025/3/22,2025/3/22 13:06,card,ANON-0000-0000-1309,25.96,Americano
2025/3/22,2025/3/22 13:23,card,ANON-0000-0000-1267,30.86,Americano with Milk
2025/3/22,2025/3/22 15:57,card,ANON-0000-0000-1302,21.06,Espresso
2025/3/22,2025/3/22 16:27,card,ANON-0000-0000-1274,35.76,Latte
2025/3/22,2025/3/22 17:53,card,ANON-0000-0000-1274,30.86,Americano with Milk
2025/3/22,2025/3/22 19:16,card,ANON-0000-0000-1314,30.86,Americano with Milk
2025/3/23,2025/3/23 10:07,card,ANON-0000-0000-1196,35.76,Latte
2025/3/23,2025/3/23 10:34,card,ANON-0000-0000-1158,35.76,Cappuccino
2025/3/23,2025/3/23 14:43,card,ANON-0000-0000-1315,35.76,Cocoa
2025/3/23,2025/3/23 14:44,card,ANON-0000-0000-1315,35.76,Cocoa
2025/3/23,2025/3/23 15:47,card,ANON-0000-0000-1316,25.96,Americano
2025/3/23,2025/3/23 18:11,card,ANON-0000-0000-1275,35.76,Latte
